<?xml version="1.0" encoding="UTF-8"?>
<gpx creator="Garmin Connect" version="1.1"
  xsi:schemaLocation="http://www.topografix.com/GPX/1/1 http://www.topografix.com/GPX/11.xsd"
  xmlns:ns3="http://www.garmin.com/xmlschemas/TrackPointExtension/v1"
  xmlns="http://www.topografix.com/GPX/1/1"
  xmlns:xsi="http://www.w3.org/2001/XMLSchema-instance" xmlns:ns2="http://www.garmin.com/xmlschemas/GpxExtensions/v3">
  <metadata>
    <name>2026 CM6 i2</name>
    <link href="connect.garmin.com">
      <text>Garmin Connect</text>
    </link>
    <time>2026-07-24T18:55:58.000Z</time>
  </metadata>
  <wpt lat="18.84133961850497" lon="98.90540075099518">
    <ele>0.0</ele>
    <name>HQ_1</name>
    <type>AID STATION</type>
  </wpt>
  <wpt lat="18.87576427498358" lon="98.93519270218316">
    <ele>0.0</ele>
    <name>A1</name>
    <type>AID STATION</type>
  </wpt>
  <wpt lat="18.84127136356571" lon="98.90549112908852">
    <ele>0.0</ele>
    <name>HQ_2</name>
    <type>AID STATION</type>
  </wpt>
  <trk>
    <name>2026 CM6 i2</name>
    <trkseg>
      <trkpt lat="18.85392375290394" lon="98.95837417803705">
        <ele>349.9</ele>
      </trkpt>
      <trkpt lat="18.853838173672557" lon="98.9583164267242">
        <ele>349.35</ele>
      </trkpt>
      <trkpt lat="18.85368302464485" lon="98.95831416361034">
        <ele>348.76</ele>
      </trkpt>
      <trkpt lat="18.853658717125654" lon="98.95824870094657">
        <ele>348.13</ele>
      </trkpt>
      <trkpt lat="18.853663159534335" lon="98.95813152194023">
        <ele>347.43</ele>
      </trkpt>
      <trkpt lat="18.85371319949627" lon="98.95795692689717">
        <ele>346.58</ele>
      </trkpt>
      <trkpt lat="18.853763323277235" lon="98.95778266713023">
        <ele>345.62</ele>
      </trkpt>
      <trkpt lat="18.853793581947684" lon="98.95756867714226">
        <ele>344.56</ele>
      </trkpt>
      <trkpt lat="18.853823840618134" lon="98.95735519006848">
        <ele>343.45</ele>
      </trkpt>
      <trkpt lat="18.853800874203444" lon="98.95717221312225">
        <ele>342.3</ele>
      </trkpt>
      <trkpt lat="18.8537410274148" lon="98.95696233026683">
        <ele>341.17</ele>
      </trkpt>
      <trkpt lat="18.8536926638335" lon="98.9568710513413">
        <ele>340.12</ele>
      </trkpt>
      <trkpt lat="18.85362275876105" lon="98.95678790286183">
        <ele>339.13</ele>
      </trkpt>
      <trkpt lat="18.853482278063893" lon="98.95668899640441">
        <ele>338.17</ele>
      </trkpt>
      <trkpt lat="18.853358142077923" lon="98.956648260355">
        <ele>337.31</ele>
      </trkpt>
      <trkpt lat="18.853171644732356" lon="98.95664893090725">
        <ele>336.53</ele>
      </trkpt>
      <trkpt lat="18.853064104914665" lon="98.9566723164171">
        <ele>335.87</ele>
      </trkpt>
      <trkpt lat="18.85292513296008" lon="98.95673476159573">
        <ele>335.32</ele>
      </trkpt>
      <trkpt lat="18.85277794674039" lon="98.95689862780273">
        <ele>334.84</ele>
      </trkpt>
      <trkpt lat="18.852733690291643" lon="98.9569725561887">
        <ele>334.4</ele>
      </trkpt>
      <trkpt lat="18.852592036128044" lon="98.95703357644379">
        <ele>333.87</ele>
      </trkpt>
      <trkpt lat="18.852405035868287" lon="98.95704078488052">
        <ele>333.32</ele>
      </trkpt>
      <trkpt lat="18.852316020056605" lon="98.95714572630823">
        <ele>332.9</ele>
      </trkpt>
      <trkpt lat="18.85216279886663" lon="98.95717238076031">
        <ele>332.56</ele>
      </trkpt>
      <trkpt lat="18.85195953771472" lon="98.95718788728118">
        <ele>332.26</ele>
      </trkpt>
      <trkpt lat="18.851910922676325" lon="98.95717858336866">
        <ele>332.01</ele>
      </trkpt>
      <trkpt lat="18.851824086159468" lon="98.95712083205581">
        <ele>331.8</ele>
      </trkpt>
      <trkpt lat="18.85178075172007" lon="98.95706484094262">
        <ele>331.63</ele>
      </trkpt>
      <trkpt lat="18.85157556273043" lon="98.95699292421341">
        <ele>331.5</ele>
      </trkpt>
      <trkpt lat="18.851392082870007" lon="98.95707506686449">
        <ele>331.36</ele>
      </trkpt>
      <trkpt lat="18.85131354443729" lon="98.95709350705147">
        <ele>331.24</ele>
      </trkpt>
      <trkpt lat="18.85111514478922" lon="98.95720808766782">
        <ele>331.08</ele>
      </trkpt>
      <trkpt lat="18.850838290527463" lon="98.95734177902341">
        <ele>331.0</ele>
      </trkpt>
      <trkpt lat="18.850565711036325" lon="98.95742601715028">
        <ele>330.92</ele>
      </trkpt>
      <trkpt lat="18.85043595917523" lon="98.95750530995429">
        <ele>330.87</ele>
      </trkpt>
      <trkpt lat="18.850382482632995" lon="98.95763900130987">
        <ele>330.83</ele>
      </trkpt>
      <trkpt lat="18.850394636392593" lon="98.95770865492523">
        <ele>330.82</ele>
      </trkpt>
      <trkpt lat="18.85051416233182" lon="98.957842849195">
        <ele>330.92</ele>
      </trkpt>
      <trkpt lat="18.850696049630642" lon="98.95794561132789">
        <ele>331.12</ele>
      </trkpt>
      <trkpt lat="18.850711220875382" lon="98.95800554193556">
        <ele>331.23</ele>
      </trkpt>
      <trkpt lat="18.850648943334818" lon="98.95814627408981">
        <ele>331.3</ele>
      </trkpt>
      <trkpt lat="18.85058498941362" lon="98.95823746919632">
        <ele>331.33</ele>
      </trkpt>
      <trkpt lat="18.850497398525476" lon="98.95844031125307">
        <ele>331.33</ele>
      </trkpt>
      <trkpt lat="18.850409975275397" lon="98.95864323712885">
        <ele>331.29</ele>
      </trkpt>
      <trkpt lat="18.850329676643014" lon="98.95877382718027">
        <ele>331.23</ele>
      </trkpt>
      <trkpt lat="18.85029572993517" lon="98.95889360457659">
        <ele>331.15</ele>
      </trkpt>
      <trkpt lat="18.850269159302115" lon="98.95892394706607">
        <ele>331.05</ele>
      </trkpt>
      <trkpt lat="18.85017117485404" lon="98.95922116935253">
        <ele>330.91</ele>
      </trkpt>
      <trkpt lat="18.850174276158214" lon="98.95930767059326">
        <ele>330.76</ele>
      </trkpt>
      <trkpt lat="18.850101605057716" lon="98.95941755734384">
        <ele>330.58</ele>
      </trkpt>
      <trkpt lat="18.850092636421323" lon="98.95948964171112">
        <ele>330.38</ele>
      </trkpt>
      <trkpt lat="18.850009320303798" lon="98.95977538079023">
        <ele>330.24</ele>
      </trkpt>
      <trkpt lat="18.850016361102462" lon="98.95985249429941">
        <ele>330.07</ele>
      </trkpt>
      <trkpt lat="18.849961794912815" lon="98.95999431610107">
        <ele>329.87</ele>
      </trkpt>
      <trkpt lat="18.849923657253385" lon="98.96021534688771">
        <ele>329.64</ele>
      </trkpt>
      <trkpt lat="18.84977789595723" lon="98.96048323251307">
        <ele>329.37</ele>
      </trkpt>
      <trkpt lat="18.84973146021366" lon="98.96052061580122">
        <ele>329.09</ele>
      </trkpt>
      <trkpt lat="18.849696088582277" lon="98.96051919087768">
        <ele>328.8</ele>
      </trkpt>
      <trkpt lat="18.849498024210334" lon="98.96043897606432">
        <ele>328.46</ele>
      </trkpt>
      <trkpt lat="18.849394591525197" lon="98.96038063801825">
        <ele>328.11</ele>
      </trkpt>
      <trkpt lat="18.849157635122538" lon="98.96028173156083">
        <ele>327.72</ele>
      </trkpt>
      <trkpt lat="18.849000809714198" lon="98.96023361943662">
        <ele>327.29</ele>
      </trkpt>
      <trkpt lat="18.848758237436414" lon="98.96011442877352">
        <ele>326.97</ele>
      </trkpt>
      <trkpt lat="18.84851566515863" lon="98.95999523811042">
        <ele>326.6</ele>
      </trkpt>
      <trkpt lat="18.848273092880845" lon="98.95987613126636">
        <ele>326.25</ele>
      </trkpt>
      <trkpt lat="18.848026916384697" lon="98.95975518040359">
        <ele>325.92</ele>
      </trkpt>
      <trkpt lat="18.84794502519071" lon="98.9596978481859">
        <ele>325.63</ele>
      </trkpt>
      <trkpt lat="18.847792642191052" lon="98.95962383598089">
        <ele>325.36</ele>
      </trkpt>
      <trkpt lat="18.847639253363013" lon="98.9595493208617">
        <ele>325.13</ele>
      </trkpt>
      <trkpt lat="18.847421323880553" lon="98.95946281962097">
        <ele>324.91</ele>
      </trkpt>
      <trkpt lat="18.847311101853848" lon="98.95944278687239">
        <ele>324.74</ele>
      </trkpt>
      <trkpt lat="18.847031565383077" lon="98.95935494452715">
        <ele>324.54</ele>
      </trkpt>
      <trkpt lat="18.846849761903286" lon="98.9593505859375">
        <ele>324.4</ele>
      </trkpt>
      <trkpt lat="18.846619427204132" lon="98.95937774330378">
        <ele>324.32</ele>
      </trkpt>
      <trkpt lat="18.846386913210154" lon="98.95940523594618">
        <ele>324.32</ele>
      </trkpt>
      <trkpt lat="18.846232686191797" lon="98.95944580435753">
        <ele>324.39</ele>
      </trkpt>
      <trkpt lat="18.846077118068933" lon="98.95948679186404">
        <ele>324.52</ele>
      </trkpt>
      <trkpt lat="18.84603353217244" lon="98.9594750571996">
        <ele>324.68</ele>
      </trkpt>
      <trkpt lat="18.845995562151074" lon="98.95934220403433">
        <ele>324.85</ele>
      </trkpt>
      <trkpt lat="18.84596647694707" lon="98.95910549908876">
        <ele>325.01</ele>
      </trkpt>
      <trkpt lat="18.845937475562096" lon="98.95886938087642">
        <ele>325.24</ele>
      </trkpt>
      <trkpt lat="18.845915347337723" lon="98.95862186327577">
        <ele>325.56</ele>
      </trkpt>
      <trkpt lat="18.84589330293238" lon="98.95837493240833">
        <ele>325.98</ele>
      </trkpt>
      <trkpt lat="18.84585893712938" lon="98.95817963406444">
        <ele>326.5</ele>
      </trkpt>
      <trkpt lat="18.845835886895657" lon="98.95795851945877">
        <ele>327.03</ele>
      </trkpt>
      <trkpt lat="18.845812920480967" lon="98.95773799158633">
        <ele>327.52</ele>
      </trkpt>
      <trkpt lat="18.845818620175123" lon="98.95754378288984">
        <ele>327.97</ele>
      </trkpt>
      <trkpt lat="18.845793893560767" lon="98.95733096636832">
        <ele>328.49</ele>
      </trkpt>
      <trkpt lat="18.845769250765443" lon="98.95711865276098">
        <ele>329.18</ele>
      </trkpt>
      <trkpt lat="18.845733711495996" lon="98.9569051656872">
        <ele>329.99</ele>
      </trkpt>
      <trkpt lat="18.84569833986461" lon="98.95669226534665">
        <ele>330.82</ele>
      </trkpt>
      <trkpt lat="18.8457006867975" lon="98.95658078603446">
        <ele>331.62</ele>
      </trkpt>
      <trkpt lat="18.845672188326716" lon="98.95640954375267">
        <ele>332.38</ele>
      </trkpt>
      <trkpt lat="18.845643773674965" lon="98.95623872056603">
        <ele>333.1</ele>
      </trkpt>
      <trkpt lat="18.84562063962221" lon="98.95618348382413">
        <ele>333.87</ele>
      </trkpt>
      <trkpt lat="18.845533719286323" lon="98.95614325068891">
        <ele>334.68</ele>
      </trkpt>
      <trkpt lat="18.845506059005857" lon="98.95610377192497">
        <ele>335.47</ele>
      </trkpt>
      <trkpt lat="18.84548862464726" lon="98.9560282509774">
        <ele>336.26</ele>
      </trkpt>
      <trkpt lat="18.845482422038913" lon="98.95584820769727">
        <ele>337.08</ele>
      </trkpt>
      <trkpt lat="18.845449648797512" lon="98.95572591573">
        <ele>337.93</ele>
      </trkpt>
      <trkpt lat="18.84542014449835" lon="98.95570236258209">
        <ele>338.78</ele>
      </trkpt>
      <trkpt lat="18.845249069854617" lon="98.95566925406456">
        <ele>339.68</ele>
      </trkpt>
      <trkpt lat="18.845218224450946" lon="98.95562885329127">
        <ele>340.56</ele>
      </trkpt>
      <trkpt lat="18.845185451209545" lon="98.95550061017275">
        <ele>341.47</ele>
      </trkpt>
      <trkpt lat="18.845135997980833" lon="98.95543992519379">
        <ele>342.38</ele>
      </trkpt>
      <trkpt lat="18.845118144527078" lon="98.95535686053336">
        <ele>343.29</ele>
      </trkpt>
      <trkpt lat="18.84513968601823" lon="98.95527773536742">
        <ele>344.2</ele>
      </trkpt>
      <trkpt lat="18.845146307721734" lon="98.95513121969998">
        <ele>345.14</ele>
      </trkpt>
      <trkpt lat="18.84507179260254" lon="98.9548487495631">
        <ele>346.21</ele>
      </trkpt>
      <trkpt lat="18.845086796209216" lon="98.954769205302">
        <ele>347.13</ele>
      </trkpt>
      <trkpt lat="18.845076067373157" lon="98.95459008403122">
        <ele>348.09</ele>
      </trkpt>
      <trkpt lat="18.845133734866977" lon="98.9544134773314">
        <ele>349.0</ele>
      </trkpt>
      <trkpt lat="18.845111187547445" lon="98.9543928578496">
        <ele>349.86</ele>
      </trkpt>
      <trkpt lat="18.845076570287347" lon="98.95429864525795">
        <ele>350.72</ele>
      </trkpt>
      <trkpt lat="18.84501270018518" lon="98.95420292392373">
        <ele>351.57</ele>
      </trkpt>
      <trkpt lat="18.844938687980175" lon="98.95414190366864">
        <ele>352.39</ele>
      </trkpt>
      <trkpt lat="18.844847325235605" lon="98.95411290228367">
        <ele>353.19</ele>
      </trkpt>
      <trkpt lat="18.844672981649637" lon="98.95412044599652">
        <ele>353.98</ele>
      </trkpt>
      <trkpt lat="18.84462713263929" lon="98.95412438549101">
        <ele>354.71</ele>
      </trkpt>
      <trkpt lat="18.84458606131375" lon="98.95414710044861">
        <ele>355.42</ele>
      </trkpt>
      <trkpt lat="18.84451238438487" lon="98.9541336055845">
        <ele>356.09</ele>
      </trkpt>
      <trkpt lat="18.844403671100736" lon="98.95418507046998">
        <ele>356.71</ele>
      </trkpt>
      <trkpt lat="18.844298478215933" lon="98.95408205688">
        <ele>357.28</ele>
      </trkpt>
      <trkpt lat="18.84415372274816" lon="98.95401332527399">
        <ele>357.77</ele>
      </trkpt>
      <trkpt lat="18.844007961452007" lon="98.9539440907538">
        <ele>358.22</ele>
      </trkpt>
      <trkpt lat="18.844007961452007" lon="98.95376815460622">
        <ele>358.71</ele>
      </trkpt>
      <trkpt lat="18.84400804527104" lon="98.95359263755381">
        <ele>359.2</ele>
      </trkpt>
      <trkpt lat="18.843997986987233" lon="98.95356506109238">
        <ele>359.58</ele>
      </trkpt>
      <trkpt lat="18.844037298113108" lon="98.9535709284246">
        <ele>359.9</ele>
      </trkpt>
      <trkpt lat="18.844101671129465" lon="98.95351837389171">
        <ele>360.21</ele>
      </trkpt>
      <trkpt lat="18.844152968376875" lon="98.95351535640657">
        <ele>360.45</ele>
      </trkpt>
      <trkpt lat="18.84425832889974" lon="98.95347151905298">
        <ele>360.66</ele>
      </trkpt>
      <trkpt lat="18.844324378296733" lon="98.95341427065432">
        <ele>360.81</ele>
      </trkpt>
      <trkpt lat="18.844324629753828" lon="98.95336682908237">
        <ele>360.93</ele>
      </trkpt>
      <trkpt lat="18.844341477379203" lon="98.95333975553513">
        <ele>361.0</ele>
      </trkpt>
      <trkpt lat="18.844344578683376" lon="98.95322425290942">
        <ele>361.06</ele>
      </trkpt>
      <trkpt lat="18.844325467944145" lon="98.95313733257353">
        <ele>361.07</ele>
      </trkpt>
      <trkpt lat="18.844381039962173" lon="98.9529023040086">
        <ele>361.01</ele>
      </trkpt>
      <trkpt lat="18.844347931444645" lon="98.95278277806938">
        <ele>360.87</ele>
      </trkpt>
      <trkpt lat="18.84426075965166" lon="98.9528140425682">
        <ele>360.77</ele>
      </trkpt>
      <trkpt lat="18.844198482111096" lon="98.95285653881729">
        <ele>360.61</ele>
      </trkpt>
      <trkpt lat="18.844063701108098" lon="98.95289643667638">
        <ele>360.39</ele>
      </trkpt>
      <trkpt lat="18.843886172398925" lon="98.95301017910242">
        <ele>360.1</ele>
      </trkpt>
      <trkpt lat="18.843817440792918" lon="98.95307597704232">
        <ele>359.8</ele>
      </trkpt>
      <trkpt lat="18.843750888481736" lon="98.95307840779424">
        <ele>359.48</ele>
      </trkpt>
      <trkpt lat="18.843619041144848" lon="98.95313397981226">
        <ele>359.09</ele>
      </trkpt>
      <trkpt lat="18.843532539904118" lon="98.95312928594649">
        <ele>358.67</ele>
      </trkpt>
      <trkpt lat="18.8434402551502" lon="98.95308997482061">
        <ele>358.23</ele>
      </trkpt>
      <trkpt lat="18.84325166232884" lon="98.9530991949141">
        <ele>357.76</ele>
      </trkpt>
      <trkpt lat="18.84320338256657" lon="98.95311562344432">
        <ele>357.33</ele>
      </trkpt>
      <trkpt lat="18.843179661780596" lon="98.95314135588706">
        <ele>356.92</ele>
      </trkpt>
      <trkpt lat="18.843108247965574" lon="98.95313741639256">
        <ele>356.5</ele>
      </trkpt>
      <trkpt lat="18.843028619885445" lon="98.95307279191911">
        <ele>356.08</ele>
      </trkpt>
      <trkpt lat="18.84297070093453" lon="98.9529575407505">
        <ele>355.66</ele>
      </trkpt>
      <trkpt lat="18.84298050776124" lon="98.95294044166803">
        <ele>355.26</ele>
      </trkpt>
      <trkpt lat="18.842966677621007" lon="98.95287992432714">
        <ele>354.86</ele>
      </trkpt>
      <trkpt lat="18.842910267412663" lon="98.95284212194383">
        <ele>354.48</ele>
      </trkpt>
      <trkpt lat="18.842925019562244" lon="98.9528145454824">
        <ele>354.11</ele>
      </trkpt>
      <trkpt lat="18.8429531827569" lon="98.95281873643398">
        <ele>353.79</ele>
      </trkpt>
      <trkpt lat="18.843086371198297" lon="98.95288067869842">
        <ele>353.5</ele>
      </trkpt>
      <trkpt lat="18.843161640688777" lon="98.95281119272113">
        <ele>353.19</ele>
      </trkpt>
      <trkpt lat="18.84321654215455" lon="98.95279107615352">
        <ele>352.95</ele>
      </trkpt>
      <trkpt lat="18.84330145083368" lon="98.95278478972614">
        <ele>352.77</ele>
      </trkpt>
      <trkpt lat="18.84338610805571" lon="98.95273441448808">
        <ele>352.59</ele>
      </trkpt>
      <trkpt lat="18.84341301396489" lon="98.95269158296287">
        <ele>352.42</ele>
      </trkpt>
      <trkpt lat="18.843422317877412" lon="98.95253609865904">
        <ele>352.22</ele>
      </trkpt>
      <trkpt lat="18.843446038663387" lon="98.95248731598258">
        <ele>352.1</ele>
      </trkpt>
      <trkpt lat="18.843430196866393" lon="98.95232344977558">
        <ele>351.95</ele>
      </trkpt>
      <trkpt lat="18.843510327860713" lon="98.95222722552717">
        <ele>351.93</ele>
      </trkpt>
      <trkpt lat="18.843671260401607" lon="98.95211976952851">
        <ele>351.92</ele>
      </trkpt>
      <trkpt lat="18.84386437945068" lon="98.95207576453686">
        <ele>351.97</ele>
      </trkpt>
      <trkpt lat="18.844034196808934" lon="98.95200384780765">
        <ele>352.06</ele>
      </trkpt>
      <trkpt lat="18.84412782266736" lon="98.9519854914397">
        <ele>352.17</ele>
      </trkpt>
      <trkpt lat="18.844214575365186" lon="98.95192715339363">
        <ele>352.27</ele>
      </trkpt>
      <trkpt lat="18.844255981966853" lon="98.95186395384371">
        <ele>352.37</ele>
      </trkpt>
      <trkpt lat="18.844340052455664" lon="98.95181642845273">
        <ele>352.5</ele>
      </trkpt>
      <trkpt lat="18.844420854002237" lon="98.95181198604405">
        <ele>352.68</ele>
      </trkpt>
      <trkpt lat="18.84451179765165" lon="98.95174216479063">
        <ele>352.87</ele>
      </trkpt>
      <trkpt lat="18.8445885758847" lon="98.95165599882603">
        <ele>353.09</ele>
      </trkpt>
      <trkpt lat="18.844746155664325" lon="98.95154460333288">
        <ele>353.31</ele>
      </trkpt>
      <trkpt lat="18.844814971089363" lon="98.95145181566477">
        <ele>353.54</ele>
      </trkpt>
      <trkpt lat="18.844830226153135" lon="98.95141007378697">
        <ele>353.8</ele>
      </trkpt>
      <trkpt lat="18.84488328360021" lon="98.95135299302638">
        <ele>354.08</ele>
      </trkpt>
      <trkpt lat="18.84489300660789" lon="98.95126540213823">
        <ele>354.35</ele>
      </trkpt>
      <trkpt lat="18.844879176467657" lon="98.95120421424508">
        <ele>354.62</ele>
      </trkpt>
      <trkpt lat="18.844802984967828" lon="98.9510581176728">
        <ele>354.89</ele>
      </trkpt>
      <trkpt lat="18.84472687728703" lon="98.95091202110052">
        <ele>355.2</ele>
      </trkpt>
      <trkpt lat="18.84467943571508" lon="98.95088260062039">
        <ele>355.51</ele>
      </trkpt>
      <trkpt lat="18.844593688845634" lon="98.95089106634259">
        <ele>355.83</ele>
      </trkpt>
      <trkpt lat="18.84450006298721" lon="98.9508749730885">
        <ele>356.16</ele>
      </trkpt>
      <trkpt lat="18.844354134052992" lon="98.95092082209885">
        <ele>356.49</ele>
      </trkpt>
      <trkpt lat="18.844316666945815" lon="98.95096281543374">
        <ele>356.79</ele>
      </trkpt>
      <trkpt lat="18.844085158780217" lon="98.95099533721805">
        <ele>357.14</ele>
      </trkpt>
      <trkpt lat="18.84392313659191" lon="98.95107328891754">
        <ele>357.43</ele>
      </trkpt>
      <trkpt lat="18.843750385567546" lon="98.95110480487347">
        <ele>357.71</ele>
      </trkpt>
      <trkpt lat="18.843696154654026" lon="98.95113724283874">
        <ele>357.97</ele>
      </trkpt>
      <trkpt lat="18.84362105280161" lon="98.95115450955927">
        <ele>358.21</ele>
      </trkpt>
      <trkpt lat="18.84356154128909" lon="98.9511410985142">
        <ele>358.43</ele>
      </trkpt>
      <trkpt lat="18.843409409746528" lon="98.95120153203607">
        <ele>358.63</ele>
      </trkpt>
      <trkpt lat="18.84320095181465" lon="98.95117739215493">
        <ele>358.8</ele>
      </trkpt>
      <trkpt lat="18.843128364533186" lon="98.95114914514124">
        <ele>358.98</ele>
      </trkpt>
      <trkpt lat="18.84297715499997" lon="98.95112450234592">
        <ele>359.18</ele>
      </trkpt>
      <trkpt lat="18.84291999042034" lon="98.95113414153457">
        <ele>359.31</ele>
      </trkpt>
      <trkpt lat="18.842809349298477" lon="98.95112282596529">
        <ele>359.43</ele>
      </trkpt>
      <trkpt lat="18.842688398435712" lon="98.95114210434258">
        <ele>359.49</ele>
      </trkpt>
      <trkpt lat="18.842622935771942" lon="98.95117395557463">
        <ele>359.51</ele>
      </trkpt>
      <trkpt lat="18.842559065669775" lon="98.95117504522204">
        <ele>359.5</ele>
      </trkpt>
      <trkpt lat="18.842492261901498" lon="98.95116138271987">
        <ele>359.46</ele>
      </trkpt>
      <trkpt lat="18.84238245896995" lon="98.95108141936362">
        <ele>359.42</ele>
      </trkpt>
      <trkpt lat="18.84230517782271" lon="98.95109332166612">
        <ele>359.29</ele>
      </trkpt>
      <trkpt lat="18.84216687642038" lon="98.95104797556996">
        <ele>359.18</ele>
      </trkpt>
      <trkpt lat="18.842035699635744" lon="98.95101729780436">
        <ele>359.02</ele>
      </trkpt>
      <trkpt lat="18.841981552541256" lon="98.95102400332689">
        <ele>358.8</ele>
      </trkpt>
      <trkpt lat="18.84190645068884" lon="98.95107840187848">
        <ele>358.52</ele>
      </trkpt>
      <trkpt lat="18.84185624308884" lon="98.95113908685744">
        <ele>358.25</ele>
      </trkpt>
      <trkpt lat="18.841852135956287" lon="98.95129943266511">
        <ele>357.91</ele>
      </trkpt>
      <trkpt lat="18.84175641462207" lon="98.95134896971285">
        <ele>357.61</ele>
      </trkpt>
      <trkpt lat="18.841716097667813" lon="98.95139708183706">
        <ele>357.27</ele>
      </trkpt>
      <trkpt lat="18.841685503721237" lon="98.95141342654824">
        <ele>356.92</ele>
      </trkpt>
      <trkpt lat="18.841453157365322" lon="98.9514291845262">
        <ele>356.57</ele>
      </trkpt>
      <trkpt lat="18.841310665011406" lon="98.95146891474724">
        <ele>356.12</ele>
      </trkpt>
      <trkpt lat="18.84125509299338" lon="98.95146841183305">
        <ele>355.71</ele>
      </trkpt>
      <trkpt lat="18.84116574190557" lon="98.95142708905041">
        <ele>355.31</ele>
      </trkpt>
      <trkpt lat="18.841112265363336" lon="98.95138207823038">
        <ele>354.9</ele>
      </trkpt>
      <trkpt lat="18.84105635806918" lon="98.95126540213823">
        <ele>354.55</ele>
      </trkpt>
      <trkpt lat="18.841025680303574" lon="98.95112425088882">
        <ele>354.21</ele>
      </trkpt>
      <trkpt lat="18.84103179909289" lon="98.9508633222431">
        <ele>353.88</ele>
      </trkpt>
      <trkpt lat="18.841015873476863" lon="98.95079266279936">
        <ele>353.52</ele>
      </trkpt>
      <trkpt lat="18.841019980609417" lon="98.95072108134627">
        <ele>353.17</ele>
      </trkpt>
      <trkpt lat="18.8410069886595" lon="98.95069803111255">
        <ele>352.84</ele>
      </trkpt>
      <trkpt lat="18.841045713052154" lon="98.9507076703012">
        <ele>352.56</ele>
      </trkpt>
      <trkpt lat="18.84109248407185" lon="98.95063223317266">
        <ele>352.31</ele>
      </trkpt>
      <trkpt lat="18.841134309768677" lon="98.95059627480805">
        <ele>352.09</ele>
      </trkpt>
      <trkpt lat="18.841163897886872" lon="98.95050952211022">
        <ele>351.85</ele>
      </trkpt>
      <trkpt lat="18.841181499883533" lon="98.95038731396198">
        <ele>351.66</ele>
      </trkpt>
      <trkpt lat="18.841307815164328" lon="98.95025781355798">
        <ele>351.58</ele>
      </trkpt>
      <trkpt lat="18.841348299756646" lon="98.95018899813294">
        <ele>351.54</ele>
      </trkpt>
      <trkpt lat="18.841347210109234" lon="98.95016712136567">
        <ele>351.52</ele>
      </trkpt>
      <trkpt lat="18.84137822315097" lon="98.9501465857029">
        <ele>351.56</ele>
      </trkpt>
      <trkpt lat="18.84140169247985" lon="98.9501516148448">
        <ele>351.66</ele>
      </trkpt>
      <trkpt lat="18.841378977522254" lon="98.95020768977702">
        <ele>351.79</ele>
      </trkpt>
      <trkpt lat="18.841387359425426" lon="98.95023308694363">
        <ele>352.0</ele>
      </trkpt>
      <trkpt lat="18.841375708580017" lon="98.95026351325214">
        <ele>352.27</ele>
      </trkpt>
      <trkpt lat="18.841394735500216" lon="98.95029427483678">
        <ele>352.62</ele>
      </trkpt>
      <trkpt lat="18.841387694701552" lon="98.95041799172759">
        <ele>353.02</ele>
      </trkpt>
      <trkpt lat="18.841451983898878" lon="98.95047498866916">
        <ele>353.56</ele>
      </trkpt>
      <trkpt lat="18.841565558686852" lon="98.95053517073393">
        <ele>354.21</ele>
      </trkpt>
      <trkpt lat="18.84165884926915" lon="98.95061957649887">
        <ele>354.93</ele>
      </trkpt>
      <trkpt lat="18.84168474934995" lon="98.9506249409169">
        <ele>355.68</ele>
      </trkpt>
      <trkpt lat="18.84169044904411" lon="98.95047943107784">
        <ele>356.49</ele>
      </trkpt>
      <trkpt lat="18.841749876737595" lon="98.95034280605614">
        <ele>357.43</ele>
      </trkpt>
      <trkpt lat="18.841761527583003" lon="98.95026518963277">
        <ele>358.45</ele>
      </trkpt>
      <trkpt lat="18.84175314567983" lon="98.95024213939905">
        <ele>359.53</ele>
      </trkpt>
      <trkpt lat="18.84177016094327" lon="98.9502013195306">
        <ele>360.72</ele>
      </trkpt>
      <trkpt lat="18.84182154200971" lon="98.95016293041408">
        <ele>362.02</ele>
      </trkpt>
      <trkpt lat="18.841977696865797" lon="98.9501169975847">
        <ele>363.48</ele>
      </trkpt>
      <trkpt lat="18.842017678543925" lon="98.95006779581308">
        <ele>364.95</ele>
      </trkpt>
      <trkpt lat="18.842090601101518" lon="98.95002521574497">
        <ele>366.52</ele>
      </trkpt>
      <trkpt lat="18.842215491458774" lon="98.94998330622911">
        <ele>368.19</ele>
      </trkpt>
      <trkpt lat="18.842321103438735" lon="98.94991340115666">
        <ele>369.98</ele>
      </trkpt>
      <trkpt lat="18.842346668243408" lon="98.94987970590591">
        <ele>371.78</ele>
      </trkpt>
      <trkpt lat="18.842371562495828" lon="98.9496388938278">
        <ele>373.82</ele>
      </trkpt>
      <trkpt lat="18.842396456748247" lon="98.94939875230193">
        <ele>375.97</ele>
      </trkpt>
      <trkpt lat="18.84242839179933" lon="98.94930814392865">
        <ele>378.06</ele>
      </trkpt>
      <trkpt lat="18.84242596104741" lon="98.94913405179977">
        <ele>380.3</ele>
      </trkpt>
      <trkpt lat="18.842443814501166" lon="98.94902030937374">
        <ele>382.53</ele>
      </trkpt>
      <trkpt lat="18.84242981672287" lon="98.948978735134">
        <ele>384.74</ele>
      </trkpt>
      <trkpt lat="18.84247038513422" lon="98.94892944954336">
        <ele>387.01</ele>
      </trkpt>
      <trkpt lat="18.84249779395759" lon="98.94885493442416">
        <ele>389.34</ele>
      </trkpt>
      <trkpt lat="18.84246493689716" lon="98.94862158223987">
        <ele>391.83</ele>
      </trkpt>
      <trkpt lat="18.842493938282132" lon="98.94852938130498">
        <ele>394.26</ele>
      </trkpt>
      <trkpt lat="18.842493016272783" lon="98.9484438020736">
        <ele>396.74</ele>
      </trkpt>
      <trkpt lat="18.84252469986677" lon="98.9483005553484">
        <ele>399.36</ele>
      </trkpt>
      <trkpt lat="18.842498464509845" lon="98.94824096001685">
        <ele>401.9</ele>
      </trkpt>
      <trkpt lat="18.842510282993317" lon="98.94804012961686">
        <ele>404.68</ele>
      </trkpt>
      <trkpt lat="18.842470552772284" lon="98.94798732362688">
        <ele>407.24</ele>
      </trkpt>
      <trkpt lat="18.842339711263776" lon="98.94792353734374">
        <ele>409.84</ele>
      </trkpt>
      <trkpt lat="18.8423471711576" lon="98.94787500612438">
        <ele>412.4</ele>
      </trkpt>
      <trkpt lat="18.842337196692824" lon="98.94786410965025">
        <ele>414.93</ele>
      </trkpt>
      <trkpt lat="18.842226723209023" lon="98.94782287068665">
        <ele>417.45</ele>
      </trkpt>
      <trkpt lat="18.84222060441971" lon="98.94779998809099">
        <ele>419.98</ele>
      </trkpt>
      <trkpt lat="18.84219193831086" lon="98.94779085181653">
        <ele>422.5</ele>
      </trkpt>
      <trkpt lat="18.84220216423273" lon="98.9477907679975">
        <ele>425.02</ele>
      </trkpt>
      <trkpt lat="18.842152124270797" lon="98.94764299504459">
        <ele>427.73</ele>
      </trkpt>
      <trkpt lat="18.842156399041414" lon="98.94760183990002">
        <ele>430.31</ele>
      </trkpt>
      <trkpt lat="18.8421434070915" lon="98.9475904405117">
        <ele>432.84</ele>
      </trkpt>
      <trkpt lat="18.842208199203014" lon="98.94749094732106">
        <ele>435.52</ele>
      </trkpt>
      <trkpt lat="18.842262849211693" lon="98.94730101339519">
        <ele>438.27</ele>
      </trkpt>
      <trkpt lat="18.84234381839633" lon="98.94727134145796">
        <ele>440.88</ele>
      </trkpt>
      <trkpt lat="18.84236728772521" lon="98.94718643277884">
        <ele>443.56</ele>
      </trkpt>
      <trkpt lat="18.842428727075458" lon="98.94710940308869">
        <ele>446.18</ele>
      </trkpt>
      <trkpt lat="18.84247289970517" lon="98.94697797484696">
        <ele>448.87</ele>
      </trkpt>
      <trkpt lat="18.842453453689814" lon="98.94697126932442">
        <ele>451.43</ele>
      </trkpt>
      <trkpt lat="18.84243668988347" lon="98.94692701287568">
        <ele>454.04</ele>
      </trkpt>
      <trkpt lat="18.842413388192654" lon="98.94691812805831">
        <ele>456.61</ele>
      </trkpt>
      <trkpt lat="18.842381536960602" lon="98.94685819745064">
        <ele>459.25</ele>
      </trkpt>
      <trkpt lat="18.842316241934896" lon="98.946822155267">
        <ele>461.89</ele>
      </trkpt>
      <trkpt lat="18.84230811148882" lon="98.94670329988003">
        <ele>464.61</ele>
      </trkpt>
      <trkpt lat="18.842287911102176" lon="98.94667371176183">
        <ele>467.17</ele>
      </trkpt>
      <trkpt lat="18.842205768451095" lon="98.94659953191876">
        <ele>469.77</ele>
      </trkpt>
      <trkpt lat="18.84215279482305" lon="98.94658159464598">
        <ele>472.29</ele>
      </trkpt>
      <trkpt lat="18.842108119279146" lon="98.94649844616652">
        <ele>474.91</ele>
      </trkpt>
      <trkpt lat="18.842119183391333" lon="98.94641010090709">
        <ele>477.5</ele>
      </trkpt>
      <trkpt lat="18.84218112565577" lon="98.94635310396552">
        <ele>480.08</ele>
      </trkpt>
      <trkpt lat="18.84213963523507" lon="98.94624061882496">
        <ele>482.69</ele>
      </trkpt>
      <trkpt lat="18.8421468436718" lon="98.94615889526904">
        <ele>485.32</ele>
      </trkpt>
      <trkpt lat="18.842155896127224" lon="98.94616367295384">
        <ele>487.74</ele>
      </trkpt>
      <trkpt lat="18.842155309394002" lon="98.94604029133916">
        <ele>490.42</ele>
      </trkpt>
      <trkpt lat="18.842126978561282" lon="98.94604037515819">
        <ele>492.83</ele>
      </trkpt>
      <trkpt lat="18.842112561687827" lon="98.94606535322964">
        <ele>495.15</ele>
      </trkpt>
      <trkpt lat="18.84210485033691" lon="98.94605076871812">
        <ele>497.54</ele>
      </trkpt>
      <trkpt lat="18.842127230018377" lon="98.9459238667041">
        <ele>500.12</ele>
      </trkpt>
      <trkpt lat="18.842163858935237" lon="98.94586401991546">
        <ele>502.56</ele>
      </trkpt>
      <trkpt lat="18.84215136989951" lon="98.94576142542064">
        <ele>505.05</ele>
      </trkpt>
      <trkpt lat="18.842133851721883" lon="98.94573393277824">
        <ele>507.39</ele>
      </trkpt>
      <trkpt lat="18.842129409313202" lon="98.94569537602365">
        <ele>509.7</ele>
      </trkpt>
      <trkpt lat="18.842144329100847" lon="98.94566402770579">
        <ele>511.96</ele>
      </trkpt>
      <trkpt lat="18.842128235846758" lon="98.94555791281164">
        <ele>514.36</ele>
      </trkpt>
      <trkpt lat="18.842102671042085" lon="98.94553871825337">
        <ele>516.59</ele>
      </trkpt>
      <trkpt lat="18.84206034243107" lon="98.94545020535588">
        <ele>518.93</ele>
      </trkpt>
      <trkpt lat="18.84202865883708" lon="98.94542296417058">
        <ele>521.12</ele>
      </trkpt>
      <trkpt lat="18.842008458450437" lon="98.94536286592484">
        <ele>523.28</ele>
      </trkpt>
      <trkpt lat="18.84196847677231" lon="98.94531701691449">
        <ele>525.4</ele>
      </trkpt>
      <trkpt lat="18.841973841190338" lon="98.94527167081833">
        <ele>527.46</ele>
      </trkpt>
      <trkpt lat="18.841914664953947" lon="98.94517846405506">
        <ele>529.57</ele>
      </trkpt>
      <trkpt lat="18.84191868826747" lon="98.9451436791569">
        <ele>531.55</ele>
      </trkpt>
      <trkpt lat="18.84189873933792" lon="98.94512498751283">
        <ele>533.49</ele>
      </trkpt>
      <trkpt lat="18.841866552829742" lon="98.94501468166709">
        <ele>535.48</ele>
      </trkpt>
      <trkpt lat="18.841693634167314" lon="98.9448727760464">
        <ele>537.48</ele>
      </trkpt>
      <trkpt lat="18.84163286536932" lon="98.94479868002236">
        <ele>539.34</ele>
      </trkpt>
      <trkpt lat="18.8416357152164" lon="98.9448088221252">
        <ele>541.1</ele>
      </trkpt>
      <trkpt lat="18.84155424311757" lon="98.94467127509415">
        <ele>542.97</ele>
      </trkpt>
      <trkpt lat="18.84155818261206" lon="98.94460380077362">
        <ele>544.76</ele>
      </trkpt>
      <trkpt lat="18.841537982225418" lon="98.94456021487713">
        <ele>546.46</ele>
      </trkpt>
      <trkpt lat="18.84141393005848" lon="98.944451501593">
        <ele>548.12</ele>
      </trkpt>
      <trkpt lat="18.841302283108234" lon="98.94424304366112">
        <ele>549.88</ele>
      </trkpt>
      <trkpt lat="18.841247214004397" lon="98.94420264288783">
        <ele>551.4</ele>
      </trkpt>
      <trkpt lat="18.841130789369345" lon="98.94405981525779">
        <ele>552.98</ele>
      </trkpt>
      <trkpt lat="18.841131795197725" lon="98.9440278802067">
        <ele>554.45</ele>
      </trkpt>
      <trkpt lat="18.841097010299563" lon="98.94393375143409">
        <ele>555.94</ele>
      </trkpt>
      <trkpt lat="18.841105056926608" lon="98.94381288439035">
        <ele>557.38</ele>
      </trkpt>
      <trkpt lat="18.841084018349648" lon="98.94379402510822">
        <ele>558.7</ele>
      </trkpt>
      <trkpt lat="18.841249980032444" lon="98.94381254911423">
        <ele>560.01</ele>
      </trkpt>
      <trkpt lat="18.841386772692204" lon="98.94379109144211">
        <ele>561.37</ele>
      </trkpt>
      <trkpt lat="18.84144234471023" lon="98.94375136122108">
        <ele>562.67</ele>
      </trkpt>
      <trkpt lat="18.841553907841444" lon="98.94371515139937">
        <ele>563.93</ele>
      </trkpt>
      <trkpt lat="18.84165884926915" lon="98.94358850084245">
        <ele>565.14</ele>
      </trkpt>
      <trkpt lat="18.8417736813426" lon="98.94355840981007">
        <ele>566.34</ele>
      </trkpt>
      <trkpt lat="18.841808047145605" lon="98.94353334791958">
        <ele>567.45</ele>
      </trkpt>
      <trkpt lat="18.84191290475428" lon="98.94340376369655">
        <ele>568.6</ele>
      </trkpt>
      <trkpt lat="18.841972835361958" lon="98.94339404068887">
        <ele>569.71</ele>
      </trkpt>
      <trkpt lat="18.841979540884495" lon="98.94337182864547">
        <ele>570.8</ele>
      </trkpt>
      <trkpt lat="18.842012314125896" lon="98.94336495548487">
        <ele>571.91</ele>
      </trkpt>
      <trkpt lat="18.84204818867147" lon="98.94327870570123">
        <ele>573.01</ele>
      </trkpt>
      <trkpt lat="18.842034274712205" lon="98.9432368800044">
        <ele>574.12</ele>
      </trkpt>
      <trkpt lat="18.842051792889833" lon="98.94320486113429">
        <ele>575.24</ele>
      </trkpt>
      <trkpt lat="18.84219571016729" lon="98.9430457726121">
        <ele>576.47</ele>
      </trkpt>
      <trkpt lat="18.84223577566445" lon="98.94293253310025">
        <ele>577.7</ele>
      </trkpt>
      <trkpt lat="18.842335268855095" lon="98.94278006628156">
        <ele>579.05</ele>
      </trkpt>
      <trkpt lat="18.84235169738531" lon="98.94272239878774">
        <ele>580.32</ele>
      </trkpt>
      <trkpt lat="18.842344405129552" lon="98.94264662638307">
        <ele>581.66</ele>
      </trkpt>
      <trkpt lat="18.842401318252087" lon="98.94252290949225">
        <ele>583.01</ele>
      </trkpt>
      <trkpt lat="18.842423781752586" lon="98.94241788424551">
        <ele>584.42</ele>
      </trkpt>
      <trkpt lat="18.842409113422036" lon="98.94228268414736">
        <ele>585.91</ele>
      </trkpt>
      <trkpt lat="18.842439875006676" lon="98.94218419678509">
        <ele>587.39</ele>
      </trkpt>
      <trkpt lat="18.84243224747479" lon="98.94211538136005">
        <ele>588.92</ele>
      </trkpt>
      <trkpt lat="18.842413807287812" lon="98.94207942299545">
        <ele>590.5</ele>
      </trkpt>
      <trkpt lat="18.842425039038062" lon="98.941943468526">
        <ele>592.17</ele>
      </trkpt>
      <trkpt lat="18.842392349615693" lon="98.94183995202184">
        <ele>593.88</ele>
      </trkpt>
      <trkpt lat="18.842414058744907" lon="98.94166812300682">
        <ele>595.65</ele>
      </trkpt>
      <trkpt lat="18.84243576787412" lon="98.941496796906">
        <ele>597.51</ele>
      </trkpt>
      <trkpt lat="18.842416238039732" lon="98.94133854657412">
        <ele>599.43</ele>
      </trkpt>
      <trkpt lat="18.84245228022337" lon="98.94118783995509">
        <ele>601.45</ele>
      </trkpt>
      <trkpt lat="18.842431660741568" lon="98.94097426906228">
        <ele>603.65</ele>
      </trkpt>
      <trkpt lat="18.84246250614524" lon="98.94092381000519">
        <ele>605.74</ele>
      </trkpt>
      <trkpt lat="18.842441802844405" lon="98.94082398153841">
        <ele>607.91</ele>
      </trkpt>
      <trkpt lat="18.842481281608343" lon="98.94064133986831">
        <ele>610.3</ele>
      </trkpt>
      <trkpt lat="18.84246543981135" lon="98.9405604545027">
        <ele>612.59</ele>
      </trkpt>
      <trkpt lat="18.842501984909177" lon="98.94047915004194">
        <ele>615.0</ele>
      </trkpt>
      <trkpt lat="18.84247239679098" lon="98.94036808982491">
        <ele>617.44</ele>
      </trkpt>
      <trkpt lat="18.842529226094484" lon="98.9401944167912">
        <ele>620.14</ele>
      </trkpt>
      <trkpt lat="18.842513971030712" lon="98.94010942429304">
        <ele>622.67</ele>
      </trkpt>
      <trkpt lat="18.8425266277045" lon="98.94006868824363">
        <ele>625.17</ele>
      </trkpt>
      <trkpt lat="18.84248798713088" lon="98.9400250185281">
        <ele>627.66</ele>
      </trkpt>
      <trkpt lat="18.842499386519194" lon="98.93994153477252">
        <ele>630.27</ele>
      </trkpt>
      <trkpt lat="18.842449765652418" lon="98.93988084979355">
        <ele>632.85</ele>
      </trkpt>
      <trkpt lat="18.842458985745907" lon="98.93979937769473">
        <ele>635.52</ele>
      </trkpt>
      <trkpt lat="18.84243962354958" lon="98.93975947983563">
        <ele>638.17</ele>
      </trkpt>
      <trkpt lat="18.84246552363038" lon="98.93958069384098">
        <ele>640.98</ele>
      </trkpt>
      <trkpt lat="18.842496117576957" lon="98.93951741047204">
        <ele>643.74</ele>
      </trkpt>
      <trkpt lat="18.84258328936994" lon="98.93944842740893">
        <ele>646.54</ele>
      </trkpt>
      <trkpt lat="18.84269024245441" lon="98.9392691385001">
        <ele>649.45</ele>
      </trkpt>
      <trkpt lat="18.842788310721517" lon="98.93916763365269">
        <ele>652.35</ele>
      </trkpt>
      <trkpt lat="18.842858048155904" lon="98.9390685595572">
        <ele>655.24</ele>
      </trkpt>
      <trkpt lat="18.84297464042902" lon="98.93900510855019">
        <ele>658.18</ele>
      </trkpt>
      <trkpt lat="18.843097100034356" lon="98.938975520432">
        <ele>661.12</ele>
      </trkpt>
      <trkpt lat="18.843231545761228" lon="98.93883973360062">
        <ele>664.17</ele>
      </trkpt>
      <trkpt lat="18.84338895790279" lon="98.93871936947107">
        <ele>667.1</ele>
      </trkpt>
      <trkpt lat="18.84344805032015" lon="98.93864242359996">
        <ele>670.0</ele>
      </trkpt>
      <trkpt lat="18.843532539904118" lon="98.93858894705772">
        <ele>672.88</ele>
      </trkpt>
      <trkpt lat="18.843543184921145" lon="98.93852708861232">
        <ele>675.76</ele>
      </trkpt>
      <trkpt lat="18.843523487448692" lon="98.93847394734621">
        <ele>678.62</ele>
      </trkpt>
      <trkpt lat="18.84357168339193" lon="98.93836691044271">
        <ele>681.54</ele>
      </trkpt>
      <trkpt lat="18.84356841444969" lon="98.9383021183312">
        <ele>684.41</ele>
      </trkpt>
      <trkpt lat="18.843601690605283" lon="98.93820589408278">
        <ele>687.38</ele>
      </trkpt>
      <trkpt lat="18.843631111085415" lon="98.93816557712853">
        <ele>690.27</ele>
      </trkpt>
      <trkpt lat="18.843638822436333" lon="98.9381017908454">
        <ele>693.16</ele>
      </trkpt>
      <trkpt lat="18.843679139390588" lon="98.93805191852152">
        <ele>696.04</ele>
      </trkpt>
      <trkpt lat="18.84373110719025" lon="98.9379323925823">
        <ele>699.0</ele>
      </trkpt>
      <trkpt lat="18.84375407360494" lon="98.93781730905175">
        <ele>701.9</ele>
      </trkpt>
      <trkpt lat="18.843803610652685" lon="98.93768110312521">
        <ele>704.78</ele>
      </trkpt>
      <trkpt lat="18.84380587376654" lon="98.93759879283607">
        <ele>707.62</ele>
      </trkpt>
      <trkpt lat="18.843845771625638" lon="98.93743718974292">
        <ele>710.55</ele>
      </trkpt>
      <trkpt lat="18.843816854059696" lon="98.93733132630587">
        <ele>713.42</ele>
      </trkpt>
      <trkpt lat="18.843749966472387" lon="98.93720048479736">
        <ele>716.3</ele>
      </trkpt>
      <trkpt lat="18.843710739165545" lon="98.93705975264311">
        <ele>719.16</ele>
      </trkpt>
      <trkpt lat="18.84360831230879" lon="98.93695749342442">
        <ele>721.98</ele>
      </trkpt>
      <trkpt lat="18.84347361512482" lon="98.93673780374229">
        <ele>724.87</ele>
      </trkpt>
      <trkpt lat="18.84343438781798" lon="98.93662598915398">
        <ele>727.69</ele>
      </trkpt>
      <trkpt lat="18.843409828841686" lon="98.9365953952074">
        <ele>730.44</ele>
      </trkpt>
      <trkpt lat="18.843318549916148" lon="98.9365647174418">
        <ele>733.27</ele>
      </trkpt>
      <trkpt lat="18.843179158866405" lon="98.93640361726284">
        <ele>736.25</ele>
      </trkpt>
      <trkpt lat="18.843066673725843" lon="98.93636455759406">
        <ele>739.04</ele>
      </trkpt>
      <trkpt lat="18.84303322993219" lon="98.93631133250892">
        <ele>741.8</ele>
      </trkpt>
      <trkpt lat="18.84295016527176" lon="98.93626464530826">
        <ele>744.56</ele>
      </trkpt>
      <trkpt lat="18.84282167069614" lon="98.93611527979374">
        <ele>747.36</ele>
      </trkpt>
      <trkpt lat="18.842781521379948" lon="98.93586130812764">
        <ele>750.23</ele>
      </trkpt>
      <trkpt lat="18.842781018465757" lon="98.93573055043817">
        <ele>753.04</ele>
      </trkpt>
      <trkpt lat="18.842674316838384" lon="98.93560373224318">
        <ele>755.8</ele>
      </trkpt>
      <trkpt lat="18.842698205262423" lon="98.93555494956672">
        <ele>758.54</ele>
      </trkpt>
      <trkpt lat="18.84275235235691" lon="98.93551538698375">
        <ele>761.29</ele>
      </trkpt>
      <trkpt lat="18.842756878584623" lon="98.93544824793935">
        <ele>764.05</ele>
      </trkpt>
      <trkpt lat="18.842788729816675" lon="98.93539887852967">
        <ele>766.8</ele>
      </trkpt>
      <trkpt lat="18.842868944630027" lon="98.93538161180913">
        <ele>769.57</ele>
      </trkpt>
      <trkpt lat="18.84300305508077" lon="98.93541019409895">
        <ele>772.26</ele>
      </trkpt>
      <trkpt lat="18.843068853020668" lon="98.93538714386523">
        <ele>775.01</ele>
      </trkpt>
      <trkpt lat="18.843108415603638" lon="98.93535009585321">
        <ele>777.78</ele>
      </trkpt>
      <trkpt lat="18.843208914622664" lon="98.93530609086156">
        <ele>780.66</ele>
      </trkpt>
      <trkpt lat="18.843262139707804" lon="98.93523367121816">
        <ele>783.56</ele>
      </trkpt>
      <trkpt lat="18.843363812193274" lon="98.93518438562751">
        <ele>786.45</ele>
      </trkpt>
      <trkpt lat="18.84346129372716" lon="98.9350915979594">
        <ele>789.37</ele>
      </trkpt>
      <trkpt lat="18.843483086675406" lon="98.93502219580114">
        <ele>792.19</ele>
      </trkpt>
      <trkpt lat="18.843518206849694" lon="98.93498782999814">
        <ele>794.97</ele>
      </trkpt>
      <trkpt lat="18.843563636764884" lon="98.93486897461116">
        <ele>797.89</ele>
      </trkpt>
      <trkpt lat="18.843558272346854" lon="98.9348114747554">
        <ele>800.72</ele>
      </trkpt>
      <trkpt lat="18.84351904504001" lon="98.93478775396943">
        <ele>803.47</ele>
      </trkpt>
      <trkpt lat="18.84350680746138" lon="98.9347218722105">
        <ele>806.33</ele>
      </trkpt>
      <trkpt lat="18.84343095123768" lon="98.93468918278813">
        <ele>809.06</ele>
      </trkpt>
      <trkpt lat="18.84338510222733" lon="98.93460737541318">
        <ele>811.86</ele>
      </trkpt>
      <trkpt lat="18.84335232898593" lon="98.93458340317011">
        <ele>814.53</ele>
      </trkpt>
      <trkpt lat="18.84332651272416" lon="98.93452062271535">
        <ele>817.25</ele>
      </trkpt>
      <trkpt lat="18.843255769461393" lon="98.93444443121552">
        <ele>819.85</ele>
      </trkpt>
      <trkpt lat="18.843267587944865" lon="98.93443730659783">
        <ele>822.5</ele>
      </trkpt>
      <trkpt lat="18.84326138533652" lon="98.93440361134708">
        <ele>825.12</ele>
      </trkpt>
      <trkpt lat="18.84328242391348" lon="98.93432540819049">
        <ele>827.86</ele>
      </trkpt>
      <trkpt lat="18.84333766065538" lon="98.9342905394733">
        <ele>830.56</ele>
      </trkpt>
      <trkpt lat="18.84340899065137" lon="98.93418266437948">
        <ele>833.34</ele>
      </trkpt>
      <trkpt lat="18.843379067257047" lon="98.93409674987197">
        <ele>835.82</ele>
      </trkpt>
      <trkpt lat="18.843385772779584" lon="98.93396766856313">
        <ele>838.38</ele>
      </trkpt>
      <trkpt lat="18.84341334924102" lon="98.93386792391539">
        <ele>840.85</ele>
      </trkpt>
      <trkpt lat="18.84338015690446" lon="98.93379935994744">
        <ele>843.12</ele>
      </trkpt>
      <trkpt lat="18.843365823850036" lon="98.93371101468801">
        <ele>845.37</ele>
      </trkpt>
      <trkpt lat="18.843397004529834" lon="98.93355553038418">
        <ele>847.68</ele>
      </trkpt>
      <trkpt lat="18.84338409639895" lon="98.93344287760556">
        <ele>849.78</ele>
      </trkpt>
      <trkpt lat="18.84342323988676" lon="98.93334522843361">
        <ele>851.77</ele>
      </trkpt>
      <trkpt lat="18.8433987647295" lon="98.93323651514947">
        <ele>853.59</ele>
      </trkpt>
      <trkpt lat="18.843411086127162" lon="98.93314389511943">
        <ele>855.33</ele>
      </trkpt>
      <trkpt lat="18.843404464423656" lon="98.9329741615802">
        <ele>857.01</ele>
      </trkpt>
      <trkpt lat="18.843443859368563" lon="98.93285161815584">
        <ele>858.58</ele>
      </trkpt>
      <trkpt lat="18.84340371005237" lon="98.9327481854707">
        <ele>859.98</ele>
      </trkpt>
      <trkpt lat="18.843418462201953" lon="98.93264341168106">
        <ele>861.31</ele>
      </trkpt>
      <trkpt lat="18.843378564342856" lon="98.93247661180794">
        <ele>862.43</ele>
      </trkpt>
      <trkpt lat="18.843396417796612" lon="98.93241089768708">
        <ele>863.41</ele>
      </trkpt>
      <trkpt lat="18.84338853880763" lon="98.93229288049042">
        <ele>864.26</ele>
      </trkpt>
      <trkpt lat="18.843347132205963" lon="98.93221006728709">
        <ele>864.95</ele>
      </trkpt>
      <trkpt lat="18.843325842171907" lon="98.932043351233">
        <ele>865.53</ele>
      </trkpt>
      <trkpt lat="18.843340426683426" lon="98.93196984194219">
        <ele>866.01</ele>
      </trkpt>
      <trkpt lat="18.84333673864603" lon="98.93188954330981">
        <ele>866.39</ele>
      </trkpt>
      <trkpt lat="18.843314945697784" lon="98.93178552389145">
        <ele>866.66</ele>
      </trkpt>
      <trkpt lat="18.84334109723568" lon="98.93172559328377">
        <ele>866.83</ele>
      </trkpt>
      <trkpt lat="18.843327770009637" lon="98.9316656626761">
        <ele>866.91</ele>
      </trkpt>
      <trkpt lat="18.843396585434675" lon="98.93140356056392">
        <ele>866.94</ele>
      </trkpt>
      <trkpt lat="18.84341586381197" lon="98.9313577953726">
        <ele>866.91</ele>
      </trkpt>
      <trkpt lat="18.843441177159548" lon="98.9313461445272">
        <ele>866.83</ele>
      </trkpt>
      <trkpt lat="18.84348426014185" lon="98.93127975985408">
        <ele>866.66</ele>
      </trkpt>
      <trkpt lat="18.8434799015522" lon="98.9312063343823">
        <ele>866.51</ele>
      </trkpt>
      <trkpt lat="18.8434505648911" lon="98.93115704879165">
        <ele>866.37</ele>
      </trkpt>
      <trkpt lat="18.843512004241347" lon="98.9310956094414">
        <ele>866.18</ele>
      </trkpt>
      <trkpt lat="18.84354586713016" lon="98.93102536909282">
        <ele>866.01</ele>
      </trkpt>
      <trkpt lat="18.843556847423315" lon="98.93098614178598">
        <ele>865.87</ele>
      </trkpt>
      <trkpt lat="18.843542262911797" lon="98.93095823004842">
        <ele>865.76</ele>
      </trkpt>
      <trkpt lat="18.843549974262714" lon="98.93091380596161">
        <ele>865.68</ele>
      </trkpt>
      <trkpt lat="18.843623735010624" lon="98.93086954951286">
        <ele>865.62</ele>
      </trkpt>
      <trkpt lat="18.843690119683743" lon="98.9307451620698">
        <ele>865.63</ele>
      </trkpt>
      <trkpt lat="18.84368408471346" lon="98.9305966347456">
        <ele>865.74</ele>
      </trkpt>
      <trkpt lat="18.843599427491426" lon="98.93052153289318">
        <ele>865.94</ele>
      </trkpt>
      <trkpt lat="18.843486020341516" lon="98.93032690510154">
        <ele>866.25</ele>
      </trkpt>
      <trkpt lat="18.843466825783253" lon="98.93016370944679">
        <ele>866.58</ele>
      </trkpt>
      <trkpt lat="18.84342768229544" lon="98.9300923794508">
        <ele>867.03</ele>
      </trkpt>
      <trkpt lat="18.84345634840429" lon="98.92986883409321">
        <ele>867.58</ele>
      </trkpt>
      <trkpt lat="18.8434402551502" lon="98.92979800701141">
        <ele>868.22</ele>
      </trkpt>
      <trkpt lat="18.843446373939514" lon="98.92973254434764">
        <ele>868.97</ele>
      </trkpt>
      <trkpt lat="18.843407481908798" lon="98.92963070422411">
        <ele>869.83</ele>
      </trkpt>
      <trkpt lat="18.843417037278414" lon="98.9295014552772">
        <ele>870.85</ele>
      </trkpt>
      <trkpt lat="18.843405805528164" lon="98.9294340647757">
        <ele>871.99</ele>
      </trkpt>
      <trkpt lat="18.84338459931314" lon="98.92939919605851">
        <ele>873.24</ele>
      </trkpt>
      <trkpt lat="18.84338267147541" lon="98.92934580333531">
        <ele>874.64</ele>
      </trkpt>
      <trkpt lat="18.84340362623334" lon="98.92929458990693">
        <ele>876.17</ele>
      </trkpt>
      <trkpt lat="18.843403374776244" lon="98.9292337372899">
        <ele>877.88</ele>
      </trkpt>
      <trkpt lat="18.84347160346806" lon="98.92909878864884">
        <ele>879.89</ele>
      </trkpt>
      <trkpt lat="18.84345391765237" lon="98.92905411310494">
        <ele>881.83</ele>
      </trkpt>
      <trkpt lat="18.843483505770564" lon="98.92901790328324">
        <ele>883.9</ele>
      </trkpt>
      <trkpt lat="18.843559697270393" lon="98.9289747364819">
        <ele>886.12</ele>
      </trkpt>
      <trkpt lat="18.843639912083745" lon="98.92882243730128">
        <ele>888.64</ele>
      </trkpt>
      <trkpt lat="18.84372029453516" lon="98.92867013812065">
        <ele>891.24</ele>
      </trkpt>
      <trkpt lat="18.84369833394885" lon="98.92863610759377">
        <ele>893.7</ele>
      </trkpt>
      <trkpt lat="18.84367285296321" lon="98.92850400879979">
        <ele>896.37</ele>
      </trkpt>
      <trkpt lat="18.8436025287956" lon="98.92841541208327">
        <ele>899.06</ele>
      </trkpt>
      <trkpt lat="18.84358056820929" lon="98.92833930440247">
        <ele>901.8</ele>
      </trkpt>
      <trkpt lat="18.843545699492097" lon="98.92831223085523">
        <ele>904.55</ele>
      </trkpt>
      <trkpt lat="18.84353362955153" lon="98.92821768298745">
        <ele>907.43</ele>
      </trkpt>
      <trkpt lat="18.843386862426996" lon="98.92798139713705">
        <ele>910.5</ele>
      </trkpt>
      <trkpt lat="18.843310503289104" lon="98.92791518010199">
        <ele>913.48</ele>
      </trkpt>
      <trkpt lat="18.843280160799623" lon="98.92780755646527">
        <ele>916.54</ele>
      </trkpt>
      <trkpt lat="18.843216793611646" lon="98.92776598222554">
        <ele>919.61</ele>
      </trkpt>
      <trkpt lat="18.843207908794284" lon="98.92773195169866">
        <ele>922.67</ele>
      </trkpt>
      <trkpt lat="18.843167843297124" lon="98.92768912017345">
        <ele>925.78</ele>
      </trkpt>
      <trkpt lat="18.84312123991549" lon="98.92766372300684">
        <ele>928.88</ele>
      </trkpt>
      <trkpt lat="18.843116462230682" lon="98.92759272828698">
        <ele>932.07</ele>
      </trkpt>
      <trkpt lat="18.842983692884445" lon="98.9273446239531">
        <ele>935.49</ele>
      </trkpt>
      <trkpt lat="18.842978831380606" lon="98.92729751765728">
        <ele>938.69</ele>
      </trkpt>
      <trkpt lat="18.84290775284171" lon="98.92724001780152">
        <ele>941.91</ele>
      </trkpt>
      <trkpt lat="18.84284857660532" lon="98.92713155597448">
        <ele>945.18</ele>
      </trkpt>
      <trkpt lat="18.842836590483785" lon="98.92702812328935">
        <ele>948.47</ele>
      </trkpt>
      <trkpt lat="18.84281639009714" lon="98.92700096592307">
        <ele>951.59</ele>
      </trkpt>
      <trkpt lat="18.842816222459078" lon="98.9269077591598">
        <ele>954.85</ele>
      </trkpt>
      <trkpt lat="18.84286416694522" lon="98.92688755877316">
        <ele>958.02</ele>
      </trkpt>
      <trkpt lat="18.84290582500398" lon="98.92682201229036">
        <ele>961.2</ele>
      </trkpt>
      <trkpt lat="18.84289065375924" lon="98.92679259181023">
        <ele>964.24</ele>
      </trkpt>
      <trkpt lat="18.842938765883446" lon="98.9266733173281">
        <ele>967.43</ele>
      </trkpt>
      <trkpt lat="18.842940106987953" lon="98.92652914859354">
        <ele>970.54</ele>
      </trkpt>
      <trkpt lat="18.842978328466415" lon="98.92645865678787">
        <ele>973.53</ele>
      </trkpt>
      <trkpt lat="18.842987213283777" lon="98.92640149220824">
        <ele>976.46</ele>
      </trkpt>
      <trkpt lat="18.842965001240373" lon="98.9263345208019">
        <ele>979.35</ele>
      </trkpt>
      <trkpt lat="18.842905405908823" lon="98.92627635039389">
        <ele>982.17</ele>
      </trkpt>
      <trkpt lat="18.8430033903569" lon="98.92610745504498">
        <ele>985.15</ele>
      </trkpt>
      <trkpt lat="18.84297857992351" lon="98.92602464184165">
        <ele>987.89</ele>
      </trkpt>
      <trkpt lat="18.842927953228354" lon="98.92596781253815">
        <ele>990.57</ele>
      </trkpt>
      <trkpt lat="18.84292334318161" lon="98.92594375647604">
        <ele>993.15</ele>
      </trkpt>
      <trkpt lat="18.842951338738203" lon="98.92591525800526">
        <ele>995.69</ele>
      </trkpt>
      <trkpt lat="18.842953350394964" lon="98.92589338123798">
        <ele>998.19</ele>
      </trkpt>
      <trkpt lat="18.84290037676692" lon="98.92572314478457">
        <ele>1000.85</ele>
      </trkpt>
      <trkpt lat="18.842884954065084" lon="98.92551024444401">
        <ele>1003.48</ele>
      </trkpt>
      <trkpt lat="18.84290180169046" lon="98.92539474181831">
        <ele>1005.92</ele>
      </trkpt>
      <trkpt lat="18.84289065375924" lon="98.92534595914185">
        <ele>1008.28</ele>
      </trkpt>
      <trkpt lat="18.84287984110415" lon="98.92532408237457">
        <ele>1010.61</ele>
      </trkpt>
      <trkpt lat="18.8428548630327" lon="98.9253193885088">
        <ele>1012.91</ele>
      </trkpt>
      <trkpt lat="18.842811109498143" lon="98.92526641488075">
        <ele>1015.22</ele>
      </trkpt>
      <trkpt lat="18.842783449217677" lon="98.92525367438793">
        <ele>1017.49</ele>
      </trkpt>
      <trkpt lat="18.842757046222687" lon="98.92519684508443">
        <ele>1019.78</ele>
      </trkpt>
      <trkpt lat="18.84272838011384" lon="98.92518695443869">
        <ele>1022.06</ele>
      </trkpt>
      <trkpt lat="18.842659145593643" lon="98.92504513263702">
        <ele>1024.45</ele>
      </trkpt>
      <trkpt lat="18.84266970679164" lon="98.92488897778094">
        <ele>1026.9</ele>
      </trkpt>
      <trkpt lat="18.842646572738886" lon="98.9248148817569">
        <ele>1029.31</ele>
      </trkpt>
      <trkpt lat="18.84261497296393" lon="98.92481680959463">
        <ele>1031.63</ele>
      </trkpt>
      <trkpt lat="18.842588737607002" lon="98.92477464862168">
        <ele>1034.03</ele>
      </trkpt>
      <trkpt lat="18.84258622303605" lon="98.92473760060966">
        <ele>1036.46</ele>
      </trkpt>
      <trkpt lat="18.842514222487807" lon="98.92468655481935">
        <ele>1038.9</ele>
      </trkpt>
      <trkpt lat="18.84257256053388" lon="98.92450760118663">
        <ele>1041.59</ele>
      </trkpt>
      <trkpt lat="18.842536434531212" lon="98.92436703667045">
        <ele>1044.2</ele>
      </trkpt>
      <trkpt lat="18.842555209994316" lon="98.92430308274925">
        <ele>1046.8</ele>
      </trkpt>
      <trkpt lat="18.842635927721858" lon="98.92423963174224">
        <ele>1049.41</ele>
      </trkpt>
      <trkpt lat="18.84271572344005" lon="98.92413980327547">
        <ele>1052.07</ele>
      </trkpt>
      <trkpt lat="18.842761237174273" lon="98.9240273181349">
        <ele>1054.79</ele>
      </trkpt>
      <trkpt lat="18.842797111719847" lon="98.92401407472789">
        <ele>1057.44</ele>
      </trkpt>
      <trkpt lat="18.842858215793967" lon="98.92394165508449">
        <ele>1060.22</ele>
      </trkpt>
      <trkpt lat="18.842820832505822" lon="98.92387359403074">
        <ele>1062.98</ele>
      </trkpt>
      <trkpt lat="18.84286324493587" lon="98.92382078804076">
        <ele>1065.79</ele>
      </trkpt>
      <trkpt lat="18.84288084693253" lon="98.92371685244143">
        <ele>1068.67</ele>
      </trkpt>
      <trkpt lat="18.84293449111283" lon="98.92365373671055">
        <ele>1071.49</ele>
      </trkpt>
      <trkpt lat="18.842930383980274" lon="98.92354477196932">
        <ele>1074.34</ele>
      </trkpt>
      <trkpt lat="18.843099363148212" lon="98.92333430238068">
        <ele>1077.38</ele>
      </trkpt>
      <trkpt lat="18.84311101399362" lon="98.92329113557935">
        <ele>1080.09</ele>
      </trkpt>
      <trkpt lat="18.84320329874754" lon="98.92320287413895">
        <ele>1082.77</ele>
      </trkpt>
      <trkpt lat="18.8432087469846" lon="98.92313623800874">
        <ele>1085.49</ele>
      </trkpt>
      <trkpt lat="18.843244034796953" lon="98.92303188331425">
        <ele>1088.18</ele>
      </trkpt>
      <trkpt lat="18.84332894347608" lon="98.9229482319206">
        <ele>1090.9</ele>
      </trkpt>
      <trkpt lat="18.843362387269735" lon="98.92288360744715">
        <ele>1093.56</ele>
      </trkpt>
      <trkpt lat="18.843427263200283" lon="98.92284848727286">
        <ele>1096.13</ele>
      </trkpt>
      <trkpt lat="18.843513429164886" lon="98.92275670543313">
        <ele>1098.65</ele>
      </trkpt>
      <trkpt lat="18.84356003254652" lon="98.9226773288101">
        <ele>1101.21</ele>
      </trkpt>
      <trkpt lat="18.84367478080094" lon="98.92255436629057">
        <ele>1103.85</ele>
      </trkpt>
      <trkpt lat="18.843814507126808" lon="98.92248932272196">
        <ele>1106.25</ele>
      </trkpt>
      <trkpt lat="18.843855410814285" lon="98.92242847010493">
        <ele>1108.48</ele>
      </trkpt>
      <trkpt lat="18.843941912055016" lon="98.922383710742">
        <ele>1110.61</ele>
      </trkpt>
      <trkpt lat="18.84395875968039" lon="98.92235831357539">
        <ele>1112.61</ele>
      </trkpt>
      <trkpt lat="18.84394895285368" lon="98.92225169576705">
        <ele>1114.51</ele>
      </trkpt>
      <trkpt lat="18.843968650326133" lon="98.92214968800545">
        <ele>1116.3</ele>
      </trkpt>
      <trkpt lat="18.84404568001628" lon="98.922013733536">
        <ele>1117.97</ele>
      </trkpt>
      <trkpt lat="18.844189094379544" lon="98.92183318734169">
        <ele>1119.52</ele>
      </trkpt>
      <trkpt lat="18.8443969655782" lon="98.92165406607091">
        <ele>1121.1</ele>
      </trkpt>
      <trkpt lat="18.84445572271943" lon="98.92149355262518">
        <ele>1122.54</ele>
      </trkpt>
      <trkpt lat="18.844560412690043" lon="98.92144108191133">
        <ele>1123.77</ele>
      </trkpt>
      <trkpt lat="18.844593605026603" lon="98.92140621319413">
        <ele>1124.84</ele>
      </trkpt>
      <trkpt lat="18.844600478187203" lon="98.92133706249297">
        <ele>1125.82</ele>
      </trkpt>
      <trkpt lat="18.844569716602564" lon="98.92126204445958">
        <ele>1126.66</ele>
      </trkpt>
      <trkpt lat="18.8445782661438" lon="98.92113916575909">
        <ele>1127.37</ele>
      </trkpt>
      <trkpt lat="18.844634424895048" lon="98.92103305086493">
        <ele>1127.94</ele>
      </trkpt>
      <trkpt lat="18.844646578654647" lon="98.92098217271268">
        <ele>1128.37</ele>
      </trkpt>
      <trkpt lat="18.844629898667336" lon="98.92090891487896">
        <ele>1128.7</ele>
      </trkpt>
      <trkpt lat="18.844551108777523" lon="98.92082517966628">
        <ele>1128.91</ele>
      </trkpt>
      <trkpt lat="18.84458865970373" lon="98.92071965150535">
        <ele>1129.01</ele>
      </trkpt>
      <trkpt lat="18.84458119980991" lon="98.92066734842956">
        <ele>1129.0</ele>
      </trkpt>
      <trkpt lat="18.844596706330776" lon="98.92063641920686">
        <ele>1128.86</ele>
      </trkpt>
      <trkpt lat="18.844594107940793" lon="98.92058243975043">
        <ele>1128.62</ele>
      </trkpt>
      <trkpt lat="18.844539122655988" lon="98.92050029709935">
        <ele>1128.28</ele>
      </trkpt>
      <trkpt lat="18.844504337757826" lon="98.92041052691638">
        <ele>1127.86</ele>
      </trkpt>
      <trkpt lat="18.84448556229472" lon="98.92020106315613">
        <ele>1127.29</ele>
      </trkpt>
      <trkpt lat="18.844514479860663" lon="98.92007139511406">
        <ele>1126.67</ele>
      </trkpt>
      <trkpt lat="18.844503248110414" lon="98.9199710637331">
        <ele>1125.99</ele>
      </trkpt>
      <trkpt lat="18.844535015523434" lon="98.91988766379654">
        <ele>1125.27</ele>
      </trkpt>
      <trkpt lat="18.844538619741797" lon="98.91977819614112">
        <ele>1124.48</ele>
      </trkpt>
      <trkpt lat="18.844555467367172" lon="98.9197279047221">
        <ele>1123.7</ele>
      </trkpt>
      <trkpt lat="18.84454515762627" lon="98.91970594413579">
        <ele>1122.92</ele>
      </trkpt>
      <trkpt lat="18.844606764614582" lon="98.91958390362561">
        <ele>1122.04</ele>
      </trkpt>
      <trkpt lat="18.844635095447302" lon="98.91947460360825">
        <ele>1121.17</ele>
      </trkpt>
      <trkpt lat="18.844618666917086" lon="98.919434286654">
        <ele>1120.39</ele>
      </trkpt>
      <trkpt lat="18.844644566997886" lon="98.91938801854849">
        <ele>1119.61</ele>
      </trkpt>
      <trkpt lat="18.844622522592545" lon="98.91933051869273">
        <ele>1118.88</ele>
      </trkpt>
      <trkpt lat="18.8446266297251" lon="98.91928802244365">
        <ele>1118.19</ele>
      </trkpt>
      <trkpt lat="18.844664096832275" lon="98.91924569383264">
        <ele>1117.53</ele>
      </trkpt>
      <trkpt lat="18.844672227278352" lon="98.91920235939324">
        <ele>1116.93</ele>
      </trkpt>
      <trkpt lat="18.844736348837614" lon="98.91907135024667">
        <ele>1116.4</ele>
      </trkpt>
      <trkpt lat="18.84480658918619" lon="98.91896531917155">
        <ele>1115.98</ele>
      </trkpt>
      <trkpt lat="18.84484657086432" lon="98.9187984354794">
        <ele>1115.57</ele>
      </trkpt>
      <trkpt lat="18.844885546714067" lon="98.9187624771148">
        <ele>1115.23</ele>
      </trkpt>
      <trkpt lat="18.844914883375168" lon="98.91869424842298">
        <ele>1114.99</ele>
      </trkpt>
      <trkpt lat="18.844999792054296" lon="98.91858746297657">
        <ele>1114.82</ele>
      </trkpt>
      <trkpt lat="18.845018735155463" lon="98.918387722224">
        <ele>1114.92</ele>
      </trkpt>
      <trkpt lat="18.845000127330422" lon="98.91839032061398">
        <ele>1114.94</ele>
      </trkpt>
      <trkpt lat="18.844965677708387" lon="98.91835830174387">
        <ele>1115.06</ele>
      </trkpt>
      <trkpt lat="18.8449184037745" lon="98.91818915493786">
        <ele>1115.39</ele>
      </trkpt>
      <trkpt lat="18.844893677160144" lon="98.91818412579596">
        <ele>1115.66</ele>
      </trkpt>
      <trkpt lat="18.844878673553467" lon="98.9181284699589">
        <ele>1116.06</ele>
      </trkpt>
      <trkpt lat="18.844770714640617" lon="98.91801321879029">
        <ele>1116.56</ele>
      </trkpt>
      <trkpt lat="18.844720423221588" lon="98.91797935590148">
        <ele>1117.08</ele>
      </trkpt>
      <trkpt lat="18.844712041318417" lon="98.91792462207377">
        <ele>1117.73</ele>
      </trkpt>
      <trkpt lat="18.844656636938453" lon="98.91788044944406">
        <ele>1118.4</ele>
      </trkpt>
      <trkpt lat="18.84463543072343" lon="98.91782060265541">
        <ele>1119.2</ele>
      </trkpt>
      <trkpt lat="18.84440735913813" lon="98.91769244335592">
        <ele>1119.98</ele>
      </trkpt>
      <trkpt lat="18.84433393366635" lon="98.91762253828347">
        <ele>1120.88</ele>
      </trkpt>
      <trkpt lat="18.844304513186216" lon="98.9175380486995">
        <ele>1121.96</ele>
      </trkpt>
      <trkpt lat="18.844135785475373" lon="98.91726907342672">
        <ele>1123.3</ele>
      </trkpt>
      <trkpt lat="18.84398566558957" lon="98.91712993383408">
        <ele>1124.39</ele>
      </trkpt>
      <trkpt lat="18.843834958970547" lon="98.91699029132724">
        <ele>1125.55</ele>
      </trkpt>
      <trkpt lat="18.843780979514122" lon="98.9169040415436">
        <ele>1126.8</ele>
      </trkpt>
      <trkpt lat="18.843725826591253" lon="98.9168662391603">
        <ele>1128.0</ele>
      </trkpt>
      <trkpt lat="18.84370755404234" lon="98.91683522611856">
        <ele>1129.27</ele>
      </trkpt>
      <trkpt lat="18.84360789321363" lon="98.91679239459336">
        <ele>1130.47</ele>
      </trkpt>
      <trkpt lat="18.843578724190593" lon="98.91675501130521">
        <ele>1131.8</ele>
      </trkpt>
      <trkpt lat="18.843450229614973" lon="98.9166675042361">
        <ele>1133.12</ele>
      </trkpt>
      <trkpt lat="18.843302289023995" lon="98.91642945818603">
        <ele>1134.64</ele>
      </trkpt>
      <trkpt lat="18.843249399214983" lon="98.9162821881473">
        <ele>1136.13</ele>
      </trkpt>
      <trkpt lat="18.843123335391283" lon="98.91605864278972">
        <ele>1137.54</ele>
      </trkpt>
      <trkpt lat="18.84312174282968" lon="98.91595537774265">
        <ele>1139.08</ele>
      </trkpt>
      <trkpt lat="18.843174381181598" lon="98.91578011214733">
        <ele>1140.69</ele>
      </trkpt>
      <trkpt lat="18.843227103352547" lon="98.91560509800911">
        <ele>1142.3</ele>
      </trkpt>
      <trkpt lat="18.843259708955884" lon="98.91533184796572">
        <ele>1143.82</ele>
      </trkpt>
      <trkpt lat="18.84331771172583" lon="98.91511467285454">
        <ele>1145.44</ele>
      </trkpt>
      <trkpt lat="18.843311928212643" lon="98.91502322629094">
        <ele>1147.07</ele>
      </trkpt>
      <trkpt lat="18.843339839950204" lon="98.91493018716574">
        <ele>1148.8</ele>
      </trkpt>
      <trkpt lat="18.843345707282424" lon="98.91479289159179">
        <ele>1150.55</ele>
      </trkpt>
      <trkpt lat="18.843328272923827" lon="98.91470236703753">
        <ele>1152.31</ele>
      </trkpt>
      <trkpt lat="18.843266665935516" lon="98.91457429155707">
        <ele>1154.03</ele>
      </trkpt>
      <trkpt lat="18.843247387558222" lon="98.91432157717645">
        <ele>1156.05</ele>
      </trkpt>
      <trkpt lat="18.843180751428008" lon="98.91419886611402">
        <ele>1157.98</ele>
      </trkpt>
      <trkpt lat="18.843170274049044" lon="98.91411789692938">
        <ele>1159.98</ele>
      </trkpt>
      <trkpt lat="18.843118976801634" lon="98.91400096938014">
        <ele>1162.0</ele>
      </trkpt>
      <trkpt lat="18.843107158318162" lon="98.91392100602388">
        <ele>1164.0</ele>
      </trkpt>
      <trkpt lat="18.84302836842835" lon="98.9137770049274">
        <ele>1165.99</ele>
      </trkpt>
      <trkpt lat="18.84301470592618" lon="98.91370726749301">
        <ele>1168.0</ele>
      </trkpt>
      <trkpt lat="18.84301856160164" lon="98.91358841210604">
        <ele>1170.09</ele>
      </trkpt>
      <trkpt lat="18.843058040365577" lon="98.91346503049135">
        <ele>1172.23</ele>
      </trkpt>
      <trkpt lat="18.84306700900197" lon="98.91337618231773">
        <ele>1174.34</ele>
      </trkpt>
      <trkpt lat="18.843115707859397" lon="98.91325229778886">
        <ele>1176.52</ele>
      </trkpt>
      <trkpt lat="18.843099949881434" lon="98.91317401081324">
        <ele>1178.58</ele>
      </trkpt>
      <trkpt lat="18.84310455992818" lon="98.91296454705298">
        <ele>1180.81</ele>
      </trkpt>
      <trkpt lat="18.843153594061732" lon="98.9128388185054">
        <ele>1182.97</ele>
      </trkpt>
      <trkpt lat="18.843202963471413" lon="98.91278634779155">
        <ele>1185.07</ele>
      </trkpt>
      <trkpt lat="18.843271443620324" lon="98.91267000697553">
        <ele>1187.26</ele>
      </trkpt>
      <trkpt lat="18.84330061264336" lon="98.9125768840313">
        <ele>1189.36</ele>
      </trkpt>
      <trkpt lat="18.843305809423327" lon="98.91247889958322">
        <ele>1191.41</ele>
      </trkpt>
      <trkpt lat="18.84324730373919" lon="98.9123279415071">
        <ele>1193.42</ele>
      </trkpt>
      <trkpt lat="18.84313741698861" lon="98.9122795779258">
        <ele>1195.23</ele>
      </trkpt>
      <trkpt lat="18.843084778636694" lon="98.912288043648">
        <ele>1197.05</ele>
      </trkpt>
      <trkpt lat="18.84302694350481" lon="98.91227144747972">
        <ele>1198.89</ele>
      </trkpt>
      <trkpt lat="18.843002300709486" lon="98.91222207807004">
        <ele>1200.81</ele>
      </trkpt>
      <trkpt lat="18.84294874034822" lon="98.91220699064434">
        <ele>1202.67</ele>
      </trkpt>
      <trkpt lat="18.84289643727243" lon="98.912153262645">
        <ele>1204.57</ele>
      </trkpt>
      <trkpt lat="18.842856287956238" lon="98.91208050772548">
        <ele>1206.53</ele>
      </trkpt>
      <trkpt lat="18.84282175451517" lon="98.91205527819693">
        <ele>1208.46</ele>
      </trkpt>
      <trkpt lat="18.84281245060265" lon="98.9120171405375">
        <ele>1210.45</ele>
      </trkpt>
      <trkpt lat="18.842804403975606" lon="98.91184631735086">
        <ele>1212.66</ele>
      </trkpt>
      <trkpt lat="18.84282267652452" lon="98.91173953190446">
        <ele>1214.82</ele>
      </trkpt>
      <trkpt lat="18.842813288792968" lon="98.91165755689144">
        <ele>1216.91</ele>
      </trkpt>
      <trkpt lat="18.842823263257742" lon="98.91152797266841">
        <ele>1219.09</ele>
      </trkpt>
      <trkpt lat="18.842803984880447" lon="98.91141900792718">
        <ele>1221.21</ele>
      </trkpt>
      <trkpt lat="18.842817647382617" lon="98.91138095408678">
        <ele>1223.36</ele>
      </trkpt>
      <trkpt lat="18.842792501673102" lon="98.91132697463036">
        <ele>1225.49</ele>
      </trkpt>
      <trkpt lat="18.84279476478696" lon="98.91127006150782">
        <ele>1227.69</ele>
      </trkpt>
      <trkpt lat="18.842858718708158" lon="98.91119630075991">
        <ele>1230.04</ele>
      </trkpt>
      <trkpt lat="18.842874644324183" lon="98.91112329438329">
        <ele>1232.32</ele>
      </trkpt>
      <trkpt lat="18.842962319031358" lon="98.91094224527478">
        <ele>1234.88</ele>
      </trkpt>
      <trkpt lat="18.842978412285447" lon="98.91086043789983">
        <ele>1237.26</ele>
      </trkpt>
      <trkpt lat="18.842967012897134" lon="98.9106819871813">
        <ele>1239.68</ele>
      </trkpt>
      <trkpt lat="18.84290381334722" lon="98.91048970632255">
        <ele>1242.14</ele>
      </trkpt>
      <trkpt lat="18.84293952025473" lon="98.9103590324521">
        <ele>1244.76</ele>
      </trkpt>
      <trkpt lat="18.842909848317504" lon="98.9102905523032">
        <ele>1247.2</ele>
      </trkpt>
      <trkpt lat="18.842917224392295" lon="98.91025392338634">
        <ele>1249.65</ele>
      </trkpt>
      <trkpt lat="18.842945136129856" lon="98.91021687537432">
        <ele>1252.16</ele>
      </trkpt>
      <trkpt lat="18.842937676236033" lon="98.91016859561205">
        <ele>1254.61</ele>
      </trkpt>
      <trkpt lat="18.84288772009313" lon="98.91003674827516">
        <ele>1257.12</ele>
      </trkpt>
      <trkpt lat="18.84283835068345" lon="98.90995804220438">
        <ele>1259.6</ele>
      </trkpt>
      <trkpt lat="18.84277582168579" lon="98.90990096144378">
        <ele>1262.06</ele>
      </trkpt>
      <trkpt lat="18.842728966847062" lon="98.90989073552191">
        <ele>1264.44</ele>
      </trkpt>
      <trkpt lat="18.842642465606332" lon="98.90983985736966">
        <ele>1266.86</ele>
      </trkpt>
      <trkpt lat="18.84256904013455" lon="98.90976408496499">
        <ele>1269.32</ele>
      </trkpt>
      <trkpt lat="18.842523274943233" lon="98.90967096202075">
        <ele>1271.8</ele>
      </trkpt>
      <trkpt lat="18.842419423162937" lon="98.90956568531692">
        <ele>1274.23</ele>
      </trkpt>
      <trkpt lat="18.84228128939867" lon="98.90953970141709">
        <ele>1276.48</ele>
      </trkpt>
      <trkpt lat="18.84217383340001" lon="98.90945143997669">
        <ele>1278.77</ele>
      </trkpt>
      <trkpt lat="18.842094959691167" lon="98.90945906750858">
        <ele>1280.95</ele>
      </trkpt>
      <trkpt lat="18.842093786224723" lon="98.9094335027039">
        <ele>1283.21</ele>
      </trkpt>
      <trkpt lat="18.842026563361287" lon="98.90935856848955">
        <ele>1285.45</ele>
      </trkpt>
      <trkpt lat="18.841981133446097" lon="98.90913091599941">
        <ele>1287.83</ele>
      </trkpt>
      <trkpt lat="18.84192757308483" lon="98.90898322686553">
        <ele>1290.07</ele>
      </trkpt>
      <trkpt lat="18.841889686882496" lon="98.9088240545243">
        <ele>1292.32</ele>
      </trkpt>
      <trkpt lat="18.84189521893859" lon="98.90865230932832">
        <ele>1294.65</ele>
      </trkpt>
      <trkpt lat="18.841945761814713" lon="98.90851585194468">
        <ele>1296.91</ele>
      </trkpt>
      <trkpt lat="18.841974679380655" lon="98.90837595798075">
        <ele>1299.1</ele>
      </trkpt>
      <trkpt lat="18.842124547809362" lon="98.90829264186323">
        <ele>1301.21</ele>
      </trkpt>
      <trkpt lat="18.84220308624208" lon="98.90834821388125">
        <ele>1303.12</ele>
      </trkpt>
      <trkpt lat="18.842210713773966" lon="98.90840529464185">
        <ele>1304.95</ele>
      </trkpt>
      <trkpt lat="18.842250779271126" lon="98.90844820998609">
        <ele>1306.77</ele>
      </trkpt>
      <trkpt lat="18.84235119447112" lon="98.90845474787056">
        <ele>1308.61</ele>
      </trkpt>
      <trkpt lat="18.84236577898264" lon="98.90847109258175">
        <ele>1310.36</ele>
      </trkpt>
      <trkpt lat="18.84245856665075" lon="98.9084307756275">
        <ele>1312.19</ele>
      </trkpt>
      <trkpt lat="18.842516988515854" lon="98.90842968598008">
        <ele>1313.92</ele>
      </trkpt>
      <trkpt lat="18.842611284926534" lon="98.90849431045353">
        <ele>1315.59</ele>
      </trkpt>
      <trkpt lat="18.8426510989666" lon="98.90850336290896">
        <ele>1317.21</ele>
      </trkpt>
      <trkpt lat="18.84270532988012" lon="98.90855365432799">
        <ele>1318.77</ele>
      </trkpt>
      <trkpt lat="18.842740785330534" lon="98.90861576423049">
        <ele>1320.27</ele>
      </trkpt>
      <trkpt lat="18.842779509723186" lon="98.90863940119743">
        <ele>1321.79</ele>
      </trkpt>
      <trkpt lat="18.84299802593887" lon="98.90859019942582">
        <ele>1323.49</ele>
      </trkpt>
      <trkpt lat="18.84301805868745" lon="98.90860210172832">
        <ele>1324.94</ele>
      </trkpt>
      <trkpt lat="18.843058040365577" lon="98.90858357772231">
        <ele>1326.45</ele>
      </trkpt>
      <trkpt lat="18.843129789456725" lon="98.9085999224335">
        <ele>1327.91</ele>
      </trkpt>
      <trkpt lat="18.84314672090113" lon="98.90858324244618">
        <ele>1329.33</ele>
      </trkpt>
      <trkpt lat="18.84318276308477" lon="98.9085875172168">
        <ele>1330.72</ele>
      </trkpt>
      <trkpt lat="18.843228947371244" lon="98.90853471122682">
        <ele>1332.22</ele>
      </trkpt>
      <trkpt lat="18.843263564631343" lon="98.9085309393704">
        <ele>1333.52</ele>
      </trkpt>
      <trkpt lat="18.843366242945194" lon="98.90841619111598">
        <ele>1334.95</ele>
      </trkpt>
      <trkpt lat="18.843444949015975" lon="98.9083700068295">
        <ele>1336.26</ele>
      </trkpt>
      <trkpt lat="18.84346221573651" lon="98.90838157385588">
        <ele>1337.45</ele>
      </trkpt>
      <trkpt lat="18.843486523255706" lon="98.90837252140045">
        <ele>1338.62</ele>
      </trkpt>
      <trkpt lat="18.84351946413517" lon="98.90841593965888">
        <ele>1339.69</ele>
      </trkpt>
      <trkpt lat="18.84356983937323" lon="98.90842976979911">
        <ele>1340.78</ele>
      </trkpt>
      <trkpt lat="18.84359171614051" lon="98.9084580168128">
        <ele>1341.82</ele>
      </trkpt>
      <trkpt lat="18.843742925673723" lon="98.90852825716138">
        <ele>1342.83</ele>
      </trkpt>
      <trkpt lat="18.84380235336721" lon="98.90854837372899">
        <ele>1343.87</ele>
      </trkpt>
      <trkpt lat="18.84383361786604" lon="98.9085425902158">
        <ele>1344.86</ele>
      </trkpt>
      <trkpt lat="18.843966387212276" lon="98.90847804956138">
        <ele>1345.93</ele>
      </trkpt>
      <trkpt lat="18.84404576383531" lon="98.90839364379644">
        <ele>1346.94</ele>
      </trkpt>
      <trkpt lat="18.844118351116776" lon="98.9083594456315">
        <ele>1347.86</ele>
      </trkpt>
      <trkpt lat="18.844140227884054" lon="98.90829063020647">
        <ele>1348.72</ele>
      </trkpt>
      <trkpt lat="18.844188759103417" lon="98.90826246701181">
        <ele>1349.5</ele>
      </trkpt>
      <trkpt lat="18.84419429115951" lon="98.90820479951799">
        <ele>1350.23</ele>
      </trkpt>
      <trkpt lat="18.844008883461356" lon="98.90806641429663">
        <ele>1350.9</ele>
      </trkpt>
      <trkpt lat="18.843847615644336" lon="98.90782384201884">
        <ele>1351.57</ele>
      </trkpt>
      <trkpt lat="18.843821715563536" lon="98.90776307322085">
        <ele>1352.14</ele>
      </trkpt>
      <trkpt lat="18.84365340694785" lon="98.90759903937578">
        <ele>1352.66</ele>
      </trkpt>
      <trkpt lat="18.843510998412967" lon="98.90752100385725">
        <ele>1353.11</ele>
      </trkpt>
      <trkpt lat="18.843367667868733" lon="98.90744254924357">
        <ele>1353.52</ele>
      </trkpt>
      <trkpt lat="18.843180583789945" lon="98.90728455036879">
        <ele>1353.92</ele>
      </trkpt>
      <trkpt lat="18.843053681775928" lon="98.90720408409834">
        <ele>1354.26</ele>
      </trkpt>
      <trkpt lat="18.842849666252732" lon="98.90698615461588">
        <ele>1354.56</ele>
      </trkpt>
      <trkpt lat="18.842735840007663" lon="98.90690895728767">
        <ele>1354.8</ele>
      </trkpt>
      <trkpt lat="18.842546492815018" lon="98.90669060871005">
        <ele>1355.02</ele>
      </trkpt>
      <trkpt lat="18.842512797564268" lon="98.90662539750338">
        <ele>1355.14</ele>
      </trkpt>
      <trkpt lat="18.842473402619362" lon="98.90650209970772">
        <ele>1355.22</ele>
      </trkpt>
      <trkpt lat="18.842457812279463" lon="98.90638978220522">
        <ele>1355.24</ele>
      </trkpt>
      <trkpt lat="18.84240098297596" lon="98.90626774169505">
        <ele>1355.23</ele>
      </trkpt>
      <trkpt lat="18.842351781204343" lon="98.9060873631388">
        <ele>1355.22</ele>
      </trkpt>
      <trkpt lat="18.84235546924174" lon="98.905955767259">
        <ele>1355.14</ele>
      </trkpt>
      <trkpt lat="18.84232713840902" lon="98.90583439730108">
        <ele>1354.94</ele>
      </trkpt>
      <trkpt lat="18.84232378564775" lon="98.90569089911878">
        <ele>1354.68</ele>
      </trkpt>
      <trkpt lat="18.84221725165844" lon="98.90541102737188">
        <ele>1354.25</ele>
      </trkpt>
      <trkpt lat="18.842094037681818" lon="98.9051874820143">
        <ele>1353.81</ele>
      </trkpt>
      <trkpt lat="18.84204575791955" lon="98.90512788668275">
        <ele>1353.44</ele>
      </trkpt>
      <trkpt lat="18.842024551704526" lon="98.90506091527641">
        <ele>1353.01</ele>
      </trkpt>
      <trkpt lat="18.842017259448767" lon="98.90489034354687">
        <ele>1352.48</ele>
      </trkpt>
      <trkpt lat="18.84201013483107" lon="98.90472019091249">
        <ele>1351.96</ele>
      </trkpt>
      <trkpt lat="18.841982977464795" lon="98.90454081818461">
        <ele>1351.45</ele>
      </trkpt>
      <trkpt lat="18.84198867715895" lon="98.9044657163322">
        <ele>1351.03</ele>
      </trkpt>
      <trkpt lat="18.841970404610038" lon="98.90442363917828">
        <ele>1350.61</ele>
      </trkpt>
      <trkpt lat="18.841937631368637" lon="98.90442154370248">
        <ele>1350.18</ele>
      </trkpt>
      <trkpt lat="18.8419171795249" lon="98.90444090589881">
        <ele>1349.77</ele>
      </trkpt>
      <trkpt lat="18.841795977205038" lon="98.9046522974968">
        <ele>1349.44</ele>
      </trkpt>
      <trkpt lat="18.841674774885178" lon="98.90486394055188">
        <ele>1349.11</ele>
      </trkpt>
      <trkpt lat="18.841608557850122" lon="98.9049287326634">
        <ele>1348.75</ele>
      </trkpt>
      <trkpt lat="18.84156354703009" lon="98.90501506626606">
        <ele>1348.4</ele>
      </trkpt>
      <trkpt lat="18.841500179842114" lon="98.90508907847106">
        <ele>1348.04</ele>
      </trkpt>
      <trkpt lat="18.841434717178345" lon="98.90526769682765">
        <ele>1347.79</ele>
      </trkpt>
      <trkpt lat="18.841374702751637" lon="98.90529745258391">
        <ele>1347.44</ele>
      </trkpt>
      <trkpt lat="18.84130789898336" lon="98.90528806485236">
        <ele>1347.04</ele>
      </trkpt>
      <trkpt lat="18.841225169599056" lon="98.90531932935119">
        <ele>1346.66</ele>
      </trkpt>
      <trkpt lat="18.841126430779696" lon="98.90525914728642">
        <ele>1346.3</ele>
      </trkpt>
      <trkpt lat="18.841016963124275" lon="98.90523643232882">
        <ele>1346.0</ele>
      </trkpt>
      <trkpt lat="18.840976729989052" lon="98.90521271154284">
        <ele>1345.71</ele>
      </trkpt>
      <trkpt lat="18.840926187112927" lon="98.90522453002632">
        <ele>1345.45</ele>
      </trkpt>
      <trkpt lat="18.840881260111928" lon="98.90521321445704">
        <ele>1345.21</ele>
      </trkpt>
      <trkpt lat="18.840816216543317" lon="98.90517616644502">
        <ele>1344.98</ele>
      </trkpt>
      <trkpt lat="18.840774726122618" lon="98.90517842955887">
        <ele>1344.78</ele>
      </trkpt>
      <trkpt lat="18.840757543221116" lon="98.90514607541263">
        <ele>1344.55</ele>
      </trkpt>
      <trkpt lat="18.84070976637304" lon="98.90513090416789">
        <ele>1344.37</ele>
      </trkpt>
      <trkpt lat="18.840582529082894" lon="98.90540482476354">
        <ele>1344.26</ele>
      </trkpt>
      <trkpt lat="18.84060096926987" lon="98.90546383336186">
        <ele>1344.1</ele>
      </trkpt>
      <trkpt lat="18.840705659240484" lon="98.90549928881228">
        <ele>1343.98</ele>
      </trkpt>
      <trkpt lat="18.840744886547327" lon="98.9055450540036">
        <ele>1343.85</ele>
      </trkpt>
      <trkpt lat="18.84078662842512" lon="98.90554446727037">
        <ele>1343.73</ele>
      </trkpt>
      <trkpt lat="18.84087983518839" lon="98.9056124445051">
        <ele>1343.64</ele>
      </trkpt>
      <trkpt lat="18.841113774105906" lon="98.9057054836303">
        <ele>1343.53</ele>
      </trkpt>
      <trkpt lat="18.841146379709244" lon="98.90575996600091">
        <ele>1343.46</ele>
      </trkpt>
      <trkpt lat="18.84119893424213" lon="98.9057742152363">
        <ele>1343.39</ele>
      </trkpt>
      <trkpt lat="18.84121653623879" lon="98.90563457272947">
        <ele>1343.36</ele>
      </trkpt>
      <trkpt lat="18.841288620606065" lon="98.90544597990811">
        <ele>1343.33</ele>
      </trkpt>
      <trkpt lat="18.841339582577348" lon="98.90540071763098">
        <ele>1343.4</ele>
      </trkpt>
      <trkpt lat="18.84139976464212" lon="98.90534740872681">
        <ele>1343.47</ele>
      </trkpt>
      <trkpt lat="18.841423904523253" lon="98.90537976287305">
        <ele>1343.57</ele>
      </trkpt>
      <trkpt lat="18.841506130993366" lon="98.90514540486038">
        <ele>1343.52</ele>
      </trkpt>
      <trkpt lat="18.84158844128251" lon="98.90491138212383">
        <ele>1343.54</ele>
      </trkpt>
      <trkpt lat="18.841784242540598" lon="98.90465565025806">
        <ele>1343.63</ele>
      </trkpt>
      <trkpt lat="18.841910054907203" lon="98.9044260699302">
        <ele>1343.75</ele>
      </trkpt>
      <trkpt lat="18.84198658168316" lon="98.90425591729581">
        <ele>1344.0</ele>
      </trkpt>
      <trkpt lat="18.842016085982323" lon="98.90410479158163">
        <ele>1344.29</ele>
      </trkpt>
      <trkpt lat="18.842011308297515" lon="98.90393254347146">
        <ele>1344.64</ele>
      </trkpt>
      <trkpt lat="18.841976691037416" lon="98.90382567420602">
        <ele>1345.03</ele>
      </trkpt>
      <trkpt lat="18.841899409890175" lon="98.90366482548416">
        <ele>1345.45</ele>
      </trkpt>
      <trkpt lat="18.84179220534861" lon="98.90351395122707">
        <ele>1345.89</ele>
      </trkpt>
      <trkpt lat="18.841684916988015" lon="98.90336282551289">
        <ele>1346.38</ele>
      </trkpt>
      <trkpt lat="18.841566564515233" lon="98.90316786244512">
        <ele>1346.91</ele>
      </trkpt>
      <trkpt lat="18.84144812822342" lon="98.90297273173928">
        <ele>1347.56</ele>
      </trkpt>
      <trkpt lat="18.841327680274844" lon="98.90280534513295">
        <ele>1348.3</ele>
      </trkpt>
      <trkpt lat="18.84126984514296" lon="98.90258582308888">
        <ele>1349.09</ele>
      </trkpt>
      <trkpt lat="18.84121217764914" lon="98.90236672013998">
        <ele>1349.87</ele>
      </trkpt>
      <trkpt lat="18.841148475185037" lon="98.90216873958707">
        <ele>1350.65</ele>
      </trkpt>
      <trkpt lat="18.841084940358996" lon="98.90197101049125">
        <ele>1351.45</ele>
      </trkpt>
      <trkpt lat="18.841064404696226" lon="98.90178618952632">
        <ele>1352.33</ele>
      </trkpt>
      <trkpt lat="18.84104403667152" lon="98.90160178765655">
        <ele>1353.24</ele>
      </trkpt>
      <trkpt lat="18.841046383604407" lon="98.90146222896874">
        <ele>1354.13</ele>
      </trkpt>
      <trkpt lat="18.841016879305243" lon="98.90126835554838">
        <ele>1355.11</ele>
      </trkpt>
      <trkpt lat="18.841049317270517" lon="98.90105713158846">
        <ele>1356.06</ele>
      </trkpt>
      <trkpt lat="18.84110849350691" lon="98.90092486515641">
        <ele>1356.97</ele>
      </trkpt>
      <trkpt lat="18.841156773269176" lon="98.9007200114429">
        <ele>1357.76</ele>
      </trkpt>
      <trkpt lat="18.841243190690875" lon="98.90045522712171">
        <ele>1358.4</ele>
      </trkpt>
      <trkpt lat="18.841272527351975" lon="98.90040015801787">
        <ele>1359.21</ele>
      </trkpt>
      <trkpt lat="18.841328769922256" lon="98.90034810639918">
        <ele>1359.98</ele>
      </trkpt>
      <trkpt lat="18.841371098533273" lon="98.90026814304292">
        <ele>1360.72</ele>
      </trkpt>
      <trkpt lat="18.84141342714429" lon="98.90022623352706">
        <ele>1361.55</ele>
      </trkpt>
      <trkpt lat="18.841475788503885" lon="98.90019530430436">
        <ele>1362.36</ele>
      </trkpt>
      <trkpt lat="18.841616939753294" lon="98.90003655105829">
        <ele>1363.11</ele>
      </trkpt>
      <trkpt lat="18.841758593916893" lon="98.89987729489803">
        <ele>1363.94</ele>
      </trkpt>
      <trkpt lat="18.84187711402774" lon="98.89977830462158">
        <ele>1364.58</ele>
      </trkpt>
      <trkpt lat="18.841924974694848" lon="98.89970873482525">
        <ele>1365.2</ele>
      </trkpt>
      <trkpt lat="18.841998567804694" lon="98.89964444562793">
        <ele>1365.88</ele>
      </trkpt>
      <trkpt lat="18.84219721890986" lon="98.8995524123311">
        <ele>1366.6</ele>
      </trkpt>
      <trkpt lat="18.842359073460102" lon="98.89943313784897">
        <ele>1367.3</ele>
      </trkpt>
      <trkpt lat="18.84249829687178" lon="98.89930665493011">
        <ele>1367.94</ele>
      </trkpt>
      <trkpt lat="18.842573147267103" lon="98.89926818199456">
        <ele>1368.43</ele>
      </trkpt>
      <trkpt lat="18.84270491078496" lon="98.89923574402928">
        <ele>1368.81</ele>
      </trkpt>
      <trkpt lat="18.842766266316175" lon="98.89919442124665">
        <ele>1369.13</ele>
      </trkpt>
      <trkpt lat="18.84290674701333" lon="98.89906651340425">
        <ele>1369.46</ele>
      </trkpt>
      <trkpt lat="18.842997271567583" lon="98.89903021976352">
        <ele>1369.61</ele>
      </trkpt>
      <trkpt lat="18.843022333458066" lon="98.89899585396051">
        <ele>1369.71</ele>
      </trkpt>
      <trkpt lat="18.843068266287446" lon="98.89886400662363">
        <ele>1369.87</ele>
      </trkpt>
      <trkpt lat="18.84324135258794" lon="98.89877390116453">
        <ele>1369.71</ele>
      </trkpt>
      <trkpt lat="18.843314945697784" lon="98.89875076711178">
        <ele>1369.44</ele>
      </trkpt>
      <trkpt lat="18.84336305782199" lon="98.89876225031912">
        <ele>1369.12</ele>
      </trkpt>
      <trkpt lat="18.843425251543522" lon="98.89880147762597">
        <ele>1368.69</ele>
      </trkpt>
      <trkpt lat="18.843588195741177" lon="98.8989583030343">
        <ele>1367.91</ele>
      </trkpt>
      <trkpt lat="18.84370763786137" lon="98.89916064217687">
        <ele>1367.15</ele>
      </trkpt>
      <trkpt lat="18.843723479658365" lon="98.89924144372344">
        <ele>1366.65</ele>
      </trkpt>
      <trkpt lat="18.843701938167214" lon="98.8992915675044">
        <ele>1366.13</ele>
      </trkpt>
      <trkpt lat="18.843659358099103" lon="98.89933590777218">
        <ele>1365.65</ele>
      </trkpt>
      <trkpt lat="18.843669332563877" lon="98.89938619919121">
        <ele>1365.07</ele>
      </trkpt>
      <trkpt lat="18.84365927428007" lon="98.89943623915315">
        <ele>1364.49</ele>
      </trkpt>
      <trkpt lat="18.843548968434334" lon="98.89973958022892">
        <ele>1363.79</ele>
      </trkpt>
      <trkpt lat="18.84349012747407" lon="98.89981937594712">
        <ele>1363.17</ele>
      </trkpt>
      <trkpt lat="18.843392562121153" lon="98.89987436123192">
        <ele>1362.55</ele>
      </trkpt>
      <trkpt lat="18.84330782108009" lon="98.89994594268501">
        <ele>1361.87</ele>
      </trkpt>
      <trkpt lat="18.84316231124103" lon="98.9000259898603">
        <ele>1361.22</ele>
      </trkpt>
      <trkpt lat="18.84314957074821" lon="98.90007846057415">
        <ele>1360.52</ele>
      </trkpt>
      <trkpt lat="18.843168430030346" lon="98.90012028627098">
        <ele>1359.79</ele>
      </trkpt>
      <trkpt lat="18.843203047290444" lon="98.90011458657682">
        <ele>1359.08</ele>
      </trkpt>
      <trkpt lat="18.8432174641639" lon="98.90008298680186">
        <ele>1358.38</ele>
      </trkpt>
      <trkpt lat="18.843284603208303" lon="98.90008449554443">
        <ele>1357.63</ele>
      </trkpt>
      <trkpt lat="18.84335719048977" lon="98.900051638484">
        <ele>1356.88</ele>
      </trkpt>
      <trkpt lat="18.843441931530833" lon="98.90003755688667">
        <ele>1356.11</ele>
      </trkpt>
      <trkpt lat="18.843538910150528" lon="98.9000360481441">
        <ele>1355.25</ele>
      </trkpt>
      <trkpt lat="18.843663884326816" lon="98.8999773748219">
        <ele>1354.43</ele>
      </trkpt>
      <trkpt lat="18.843739740550518" lon="98.89991300180554">
        <ele>1353.66</ele>
      </trkpt>
      <trkpt lat="18.84376237168908" lon="98.89980118721724">
        <ele>1352.99</ele>
      </trkpt>
      <trkpt lat="18.84380914270878" lon="98.89977855607867">
        <ele>1352.18</ele>
      </trkpt>
      <trkpt lat="18.843932105228305" lon="98.89967671595514">
        <ele>1351.4</ele>
      </trkpt>
      <trkpt lat="18.844032436609268" lon="98.89969188719988">
        <ele>1350.51</ele>
      </trkpt>
      <trkpt lat="18.844103598967195" lon="98.89965911395848">
        <ele>1349.62</ele>
      </trkpt>
      <trkpt lat="18.844297472387552" lon="98.89961695298553">
        <ele>1348.71</ele>
      </trkpt>
      <trkpt lat="18.84441750124097" lon="98.89967110008001">
        <ele>1347.61</ele>
      </trkpt>
      <trkpt lat="18.844471983611584" lon="98.8996560126543">
        <ele>1346.62</ele>
      </trkpt>
      <trkpt lat="18.844565860927105" lon="98.8996718544513">
        <ele>1345.53</ele>
      </trkpt>
      <trkpt lat="18.844649344682693" lon="98.89975315891206">
        <ele>1344.32</ele>
      </trkpt>
      <trkpt lat="18.84472436271608" lon="98.89986698515713">
        <ele>1343.03</ele>
      </trkpt>
      <trkpt lat="18.84478161111474" lon="98.90000738203526">
        <ele>1341.65</ele>
      </trkpt>
      <trkpt lat="18.844888312742114" lon="98.8999945577234">
        <ele>1340.46</ele>
      </trkpt>
      <trkpt lat="18.844934748485684" lon="98.89996128156781">
        <ele>1339.31</ele>
      </trkpt>
      <trkpt lat="18.844996439293027" lon="98.89986748807132">
        <ele>1338.17</ele>
      </trkpt>
      <trkpt lat="18.845064332708716" lon="98.8996198028326">
        <ele>1337.24</ele>
      </trkpt>
      <trkpt lat="18.845153348520398" lon="98.89949734322727">
        <ele>1336.04</ele>
      </trkpt>
      <trkpt lat="18.845237754285336" lon="98.89944445341825">
        <ele>1334.67</ele>
      </trkpt>
      <trkpt lat="18.845362477004528" lon="98.89941268600523">
        <ele>1333.21</ele>
      </trkpt>
      <trkpt lat="18.845423748716712" lon="98.89941084198654">
        <ele>1331.7</ele>
      </trkpt>
      <trkpt lat="18.84549650363624" lon="98.8994577806443">
        <ele>1330.03</ele>
      </trkpt>
      <trkpt lat="18.84557906538248" lon="98.89947555027902">
        <ele>1328.36</ele>
      </trkpt>
      <trkpt lat="18.845672020688653" lon="98.8994575291872">
        <ele>1326.65</ele>
      </trkpt>
      <trkpt lat="18.84570311754942" lon="98.89941486530006">
        <ele>1325.04</ele>
      </trkpt>
      <trkpt lat="18.845773609355092" lon="98.89940723776817">
        <ele>1323.24</ele>
      </trkpt>
      <trkpt lat="18.845875868573785" lon="98.89929751865566">
        <ele>1321.41</ele>
      </trkpt>
      <trkpt lat="18.84591576643288" lon="98.89915921725333">
        <ele>1319.77</ele>
      </trkpt>
      <trkpt lat="18.845914090052247" lon="98.89908428303897">
        <ele>1318.1</ele>
      </trkpt>
      <trkpt lat="18.845937224105" lon="98.8990328181535">
        <ele>1316.29</ele>
      </trkpt>
      <trkpt lat="18.845982486382127" lon="98.89900054782629">
        <ele>1314.42</ele>
      </trkpt>
      <trkpt lat="18.846108969300985" lon="98.89898328110576">
        <ele>1312.4</ele>
      </trkpt>
      <trkpt lat="18.846249198541045" lon="98.89902326278389">
        <ele>1310.21</ele>
      </trkpt>
      <trkpt lat="18.8463465962559" lon="98.89900549314916">
        <ele>1308.26</ele>
      </trkpt>
      <trkpt lat="18.84642379358411" lon="98.89901580289006">
        <ele>1306.17</ele>
      </trkpt>
      <trkpt lat="18.846503337845206" lon="98.89905394054949">
        <ele>1304.03</ele>
      </trkpt>
      <trkpt lat="18.8467316608876" lon="98.89924840070307">
        <ele>1301.57</ele>
      </trkpt>
      <trkpt lat="18.846780862659216" lon="98.89927530661225">
        <ele>1299.5</ele>
      </trkpt>
      <trkpt lat="18.846843224018812" lon="98.89928511343896">
        <ele>1297.49</ele>
      </trkpt>
      <trkpt lat="18.847040869295597" lon="98.89942483976483">
        <ele>1295.23</ele>
      </trkpt>
      <trkpt lat="18.84720523841679" lon="98.89955249615014">
        <ele>1293.06</ele>
      </trkpt>
      <trkpt lat="18.84731420315802" lon="98.89966397546232">
        <ele>1290.99</ele>
      </trkpt>
      <trkpt lat="18.847342282533646" lon="98.89973622746766">
        <ele>1289.05</ele>
      </trkpt>
      <trkpt lat="18.847391735762358" lon="98.89977151528001">
        <ele>1287.22</ele>
      </trkpt>
      <trkpt lat="18.847429705783725" lon="98.89983505010605">
        <ele>1285.4</ele>
      </trkpt>
      <trkpt lat="18.847539676353335" lon="98.90006572008133">
        <ele>1283.61</ele>
      </trkpt>
      <trkpt lat="18.84758929722011" lon="98.90013202093542">
        <ele>1281.95</ele>
      </trkpt>
      <trkpt lat="18.847600361332297" lon="98.90020368620753">
        <ele>1280.34</ele>
      </trkpt>
      <trkpt lat="18.847631290555" lon="98.90025833621621">
        <ele>1278.79</ele>
      </trkpt>
      <trkpt lat="18.847692478448153" lon="98.90031332150102">
        <ele>1277.33</ele>
      </trkpt>
      <trkpt lat="18.847721479833126" lon="98.9003645349294">
        <ele>1275.88</ele>
      </trkpt>
      <trkpt lat="18.84786145761609" lon="98.90044416300952">
        <ele>1274.55</ele>
      </trkpt>
      <trkpt lat="18.847977882251143" lon="98.90055044554174">
        <ele>1273.16</ele>
      </trkpt>
      <trkpt lat="18.848005961626768" lon="98.90061364509165">
        <ele>1271.8</ele>
      </trkpt>
      <trkpt lat="18.848017193377018" lon="98.90068447217345">
        <ele>1270.45</ele>
      </trkpt>
      <trkpt lat="18.848013086244464" lon="98.90085068531334">
        <ele>1269.06</ele>
      </trkpt>
      <trkpt lat="18.84800906293094" lon="98.90101656317711">
        <ele>1267.72</ele>
      </trkpt>
      <trkpt lat="18.848019624128938" lon="98.90112536028028">
        <ele>1266.46</ele>
      </trkpt>
      <trkpt lat="18.848059689626098" lon="98.90121194534004">
        <ele>1265.23</ele>
      </trkpt>
      <trkpt lat="18.848167397081852" lon="98.9013244304806">
        <ele>1264.0</ele>
      </trkpt>
      <trkpt lat="18.84824895299971" lon="98.90132619068027">
        <ele>1262.79</ele>
      </trkpt>
      <trkpt lat="18.84841022081673" lon="98.90123600140214">
        <ele>1261.71</ele>
      </trkpt>
      <trkpt lat="18.84850200265646" lon="98.90123566612601">
        <ele>1260.48</ele>
      </trkpt>
      <trkpt lat="18.848586324602365" lon="98.90126902610064">
        <ele>1259.19</ele>
      </trkpt>
      <trkpt lat="18.8487003184855" lon="98.90136784873903">
        <ele>1257.79</ele>
      </trkpt>
      <trkpt lat="18.84870828129351" lon="98.901402130723">
        <ele>1256.46</ele>
      </trkpt>
      <trkpt lat="18.848797464743257" lon="98.90153557062149">
        <ele>1255.02</ele>
      </trkpt>
      <trkpt lat="18.848918080329895" lon="98.90160229057074">
        <ele>1253.6</ele>
      </trkpt>
      <trkpt lat="18.848978765308857" lon="98.90165911987424">
        <ele>1252.15</ele>
      </trkpt>
      <trkpt lat="18.849077420309186" lon="98.90188383869827">
        <ele>1250.33</ele>
      </trkpt>
      <trkpt lat="18.849126873537898" lon="98.90194737352431">
        <ele>1248.79</ele>
      </trkpt>
      <trkpt lat="18.84929107502103" lon="98.90200093388557">
        <ele>1247.36</ele>
      </trkpt>
      <trkpt lat="18.84951830841601" lon="98.90200252644718">
        <ele>1245.95</ele>
      </trkpt>
      <trkpt lat="18.849583184346557" lon="98.90202322974801">
        <ele>1244.28</ele>
      </trkpt>
      <trkpt lat="18.849706817418337" lon="98.90201903879642">
        <ele>1242.61</ele>
      </trkpt>
      <trkpt lat="18.849993478506804" lon="98.901930693537">
        <ele>1240.92</ele>
      </trkpt>
      <trkpt lat="18.85014820843935" lon="98.90195491723716">
        <ele>1238.95</ele>
      </trkpt>
      <trkpt lat="18.85020051151514" lon="98.9019407518208">
        <ele>1237.1</ele>
      </trkpt>
      <trkpt lat="18.850291538983583" lon="98.90188727527857">
        <ele>1235.21</ele>
      </trkpt>
      <trkpt lat="18.85031576268375" lon="98.9018873590976">
        <ele>1233.2</ele>
      </trkpt>
      <trkpt lat="18.85036705993116" lon="98.90192692168057">
        <ele>1231.01</ele>
      </trkpt>
      <trkpt lat="18.850548025220633" lon="98.90195173211396">
        <ele>1228.71</ele>
      </trkpt>
      <trkpt lat="18.85065933689475" lon="98.90203395858407">
        <ele>1226.3</ele>
      </trkpt>
      <trkpt lat="18.850737623870373" lon="98.902128925547">
        <ele>1223.88</ele>
      </trkpt>
      <trkpt lat="18.850766457617283" lon="98.90217946842313">
        <ele>1221.47</ele>
      </trkpt>
      <trkpt lat="18.85078984312713" lon="98.90228809788823">
        <ele>1218.9</ele>
      </trkpt>
      <trkpt lat="18.85084893554449" lon="98.9023741800338">
        <ele>1216.33</ele>
      </trkpt>
      <trkpt lat="18.851068541407585" lon="98.90244743786752">
        <ele>1213.76</ele>
      </trkpt>
      <trkpt lat="18.85122310370207" lon="98.90243947505951">
        <ele>1211.3</ele>
      </trkpt>
      <trkpt lat="18.851310275495052" lon="98.90246361494064">
        <ele>1208.68</ele>
      </trkpt>
      <trkpt lat="18.85142795741558" lon="98.90256796963513">
        <ele>1205.89</ele>
      </trkpt>
      <trkpt lat="18.85158386081457" lon="98.902673330158">
        <ele>1203.04</ele>
      </trkpt>
      <trkpt lat="18.851740853860974" lon="98.90277944505215">
        <ele>1200.13</ele>
      </trkpt>
      <trkpt lat="18.85186431929469" lon="98.9028454106301">
        <ele>1197.26</ele>
      </trkpt>
      <trkpt lat="18.851918801665306" lon="98.90290207229555">
        <ele>1194.35</ele>
      </trkpt>
      <trkpt lat="18.85202944278717" lon="98.90297256410122">
        <ele>1191.41</ele>
      </trkpt>
      <trkpt lat="18.85229523293674" lon="98.90307306312025">
        <ele>1188.5</ele>
      </trkpt>
      <trkpt lat="18.85235625319183" lon="98.90311757102609">
        <ele>1185.59</ele>
      </trkpt>
      <trkpt lat="18.85252783074975" lon="98.90319225378335">
        <ele>1182.64</ele>
      </trkpt>
      <trkpt lat="18.85266554541886" lon="98.90334078110754">
        <ele>1179.53</ele>
      </trkpt>
      <trkpt lat="18.85274089872837" lon="98.90339970588684">
        <ele>1176.63</ele>
      </trkpt>
      <trkpt lat="18.85292312130332" lon="98.90360891819">
        <ele>1173.46</ele>
      </trkpt>
      <trkpt lat="18.85298866778612" lon="98.90378535725176">
        <ele>1170.43</ele>
      </trkpt>
      <trkpt lat="18.853054298087955" lon="98.90396179631352">
        <ele>1167.57</ele>
      </trkpt>
      <trkpt lat="18.85313032194972" lon="98.90410755760968">
        <ele>1164.84</ele>
      </trkpt>
      <trkpt lat="18.853087490424514" lon="98.90437996946275">
        <ele>1162.09</ele>
      </trkpt>
      <trkpt lat="18.85307852178812" lon="98.90459882095456">
        <ele>1159.35</ele>
      </trkpt>
      <trkpt lat="18.85309075936675" lon="98.90469781123102">
        <ele>1156.76</ele>
      </trkpt>
      <trkpt lat="18.85311615653336" lon="98.90475941821933">
        <ele>1154.28</ele>
      </trkpt>
      <trkpt lat="18.853104086592793" lon="98.90478280372918">
        <ele>1151.85</ele>
      </trkpt>
      <trkpt lat="18.853131998330355" lon="98.90486972406507">
        <ele>1149.48</ele>
      </trkpt>
      <trkpt lat="18.853149600327015" lon="98.90501774847507">
        <ele>1147.13</ele>
      </trkpt>
      <trkpt lat="18.85321338661015" lon="98.90512059442699">
        <ele>1144.87</ele>
      </trkpt>
      <trkpt lat="18.853253284469247" lon="98.90523752197623">
        <ele>1142.68</ele>
      </trkpt>
      <trkpt lat="18.853216990828514" lon="98.90542728826404">
        <ele>1140.56</ele>
      </trkpt>
      <trkpt lat="18.853158904239535" lon="98.9055548608303">
        <ele>1138.6</ele>
      </trkpt>
      <trkpt lat="18.853128980845213" lon="98.90566248446703">
        <ele>1136.67</ele>
      </trkpt>
      <trkpt lat="18.853104757145047" lon="98.9056885521859">
        <ele>1134.8</ele>
      </trkpt>
      <trkpt lat="18.853104086592793" lon="98.90578796155751">
        <ele>1133.0</ele>
      </trkpt>
      <trkpt lat="18.852989841252565" lon="98.90598946250975">
        <ele>1131.09</ele>
      </trkpt>
      <trkpt lat="18.852938544005156" lon="98.90609591268003">
        <ele>1129.31</ele>
      </trkpt>
      <trkpt lat="18.852934017777443" lon="98.90625902451575">
        <ele>1127.6</ele>
      </trkpt>
      <trkpt lat="18.852951368317008" lon="98.90636891126633">
        <ele>1126.05</ele>
      </trkpt>
      <trkpt lat="18.85293183848262" lon="98.90655046328902">
        <ele>1124.43</ele>
      </trkpt>
      <trkpt lat="18.85296712629497" lon="98.9067240525037">
        <ele>1122.91</ele>
      </trkpt>
      <trkpt lat="18.853002497926354" lon="98.90689739026129">
        <ele>1121.36</ele>
      </trkpt>
      <trkpt lat="18.853110624477267" lon="98.90715857036412">
        <ele>1119.89</ele>
      </trkpt>
      <trkpt lat="18.85314591228962" lon="98.90719285234809">
        <ele>1118.58</ele>
      </trkpt>
      <trkpt lat="18.853180781006813" lon="98.90720366500318">
        <ele>1117.31</ele>
      </trkpt>
      <trkpt lat="18.853271892294288" lon="98.9072748273611">
        <ele>1116.05</ele>
      </trkpt>
      <trkpt lat="18.853405583649874" lon="98.90731103718281">
        <ele>1114.88</ele>
      </trkpt>
      <trkpt lat="18.853456461802125" lon="98.90735495835543">
        <ele>1113.6</ele>
      </trkpt>
      <trkpt lat="18.853703141212463" lon="98.9074117038399">
        <ele>1112.39</ele>
      </trkpt>
      <trkpt lat="18.853749157860875" lon="98.90740223228931">
        <ele>1111.15</ele>
      </trkpt>
      <trkpt lat="18.853784697130322" lon="98.90741405077279">
        <ele>1109.86</ele>
      </trkpt>
      <trkpt lat="18.853846807032824" lon="98.90746241435409">
        <ele>1108.55</ele>
      </trkpt>
      <trkpt lat="18.85386516340077" lon="98.9075221773237">
        <ele>1107.14</ele>
      </trkpt>
      <trkpt lat="18.85384370572865" lon="98.90762929804623">
        <ele>1105.63</ele>
      </trkpt>
      <trkpt lat="18.853841107338667" lon="98.90773918479681">
        <ele>1104.14</ele>
      </trkpt>
      <trkpt lat="18.853652933612466" lon="98.90784840099514">
        <ele>1102.37</ele>
      </trkpt>
      <trkpt lat="18.853555703535676" lon="98.90799173153937">
        <ele>1100.66</ele>
      </trkpt>
      <trkpt lat="18.853458473458886" lon="98.90813539735973">
        <ele>1098.93</ele>
      </trkpt>
      <trkpt lat="18.853449588641524" lon="98.90818376094103">
        <ele>1097.29</ele>
      </trkpt>
      <trkpt lat="18.85345964692533" lon="98.90822709538043">
        <ele>1095.58</ele>
      </trkpt>
      <trkpt lat="18.853527456521988" lon="98.90823514200747">
        <ele>1093.97</ele>
      </trkpt>
      <trkpt lat="18.853634325787425" lon="98.90829222276807">
        <ele>1092.26</ele>
      </trkpt>
      <trkpt lat="18.85364782065153" lon="98.90832625329494">
        <ele>1090.46</ele>
      </trkpt>
      <trkpt lat="18.853617813438177" lon="98.90838048420846">
        <ele>1088.54</ele>
      </trkpt>
      <trkpt lat="18.853539191186428" lon="98.90842147171497">
        <ele>1086.45</ele>
      </trkpt>
      <trkpt lat="18.85347766801715" lon="98.9084342122078">
        <ele>1084.41</ele>
      </trkpt>
      <trkpt lat="18.853191174566746" lon="98.90837126411498">
        <ele>1082.03</ele>
      </trkpt>
      <trkpt lat="18.853153958916664" lon="98.90832834877074">
        <ele>1080.04</ele>
      </trkpt>
      <trkpt lat="18.853141888976097" lon="98.9082540012896">
        <ele>1078.1</ele>
      </trkpt>
      <trkpt lat="18.853154042735696" lon="98.90817898325622">
        <ele>1076.19</ele>
      </trkpt>
      <trkpt lat="18.853145577013493" lon="98.90809583477676">
        <ele>1074.2</ele>
      </trkpt>
      <trkpt lat="18.853077180683613" lon="98.90806549228728">
        <ele>1071.99</ele>
      </trkpt>
      <trkpt lat="18.85305597446859" lon="98.90807018615305">
        <ele>1069.78</ele>
      </trkpt>
      <trkpt lat="18.85300769470632" lon="98.90803959220648">
        <ele>1067.56</ele>
      </trkpt>
      <trkpt lat="18.85286344215274" lon="98.90804537571967">
        <ele>1065.07</ele>
      </trkpt>
      <trkpt lat="18.852809043601155" lon="98.90806222334504">
        <ele>1062.77</ele>
      </trkpt>
      <trkpt lat="18.852739725261927" lon="98.90813590027392">
        <ele>1060.31</ele>
      </trkpt>
      <trkpt lat="18.852629084140062" lon="98.9081855211407">
        <ele>1057.82</ele>
      </trkpt>
      <trkpt lat="18.852470917627215" lon="98.9083906263113">
        <ele>1055.1</ele>
      </trkpt>
      <trkpt lat="18.852405957877636" lon="98.9084461145103">
        <ele>1052.82</ele>
      </trkpt>
      <trkpt lat="18.85230361483991" lon="98.90849682502449">
        <ele>1050.58</ele>
      </trkpt>
      <trkpt lat="18.85226153768599" lon="98.90856111422181">
        <ele>1048.4</ele>
      </trkpt>
      <trkpt lat="18.852261872962117" lon="98.90861333347857">
        <ele>1046.26</ele>
      </trkpt>
      <trkpt lat="18.852314930409193" lon="98.90874425880611">
        <ele>1044.04</ele>
      </trkpt>
      <trkpt lat="18.85237871669233" lon="98.9087965618819">
        <ele>1042.0</ele>
      </trkpt>
      <trkpt lat="18.852464547380805" lon="98.90879362821579">
        <ele>1040.07</ele>
      </trkpt>
      <trkpt lat="18.85250587016344" lon="98.90882941894233">
        <ele>1038.13</ele>
      </trkpt>
      <trkpt lat="18.85248734615743" lon="98.90893100760877">
        <ele>1036.15</ele>
      </trkpt>
      <trkpt lat="18.85243940167129" lon="98.90898649580777">
        <ele>1034.23</ele>
      </trkpt>
      <trkpt lat="18.85236555710435" lon="98.90916368924081">
        <ele>1032.18</ele>
      </trkpt>
      <trkpt lat="18.852357929572463" lon="98.90922965481877">
        <ele>1030.35</ele>
      </trkpt>
      <trkpt lat="18.852369245141745" lon="98.9092614222318">
        <ele>1028.64</ele>
      </trkpt>
      <trkpt lat="18.852416770532727" lon="98.90926930122077">
        <ele>1027.0</ele>
      </trkpt>
      <trkpt lat="18.85248583741486" lon="98.90917148441076">
        <ele>1025.56</ele>
      </trkpt>
      <trkpt lat="18.85259228758514" lon="98.90911817550659">
        <ele>1024.13</ele>
      </trkpt>
      <trkpt lat="18.85268314741552" lon="98.90901281498373">
        <ele>1022.8</ele>
      </trkpt>
      <trkpt lat="18.852721536532044" lon="98.90900024212897">
        <ele>1021.32</ele>
      </trkpt>
      <trkpt lat="18.85277451016009" lon="98.90902178362012">
        <ele>1019.81</ele>
      </trkpt>
      <trkpt lat="18.852845169603825" lon="98.90908037312329">
        <ele>1018.28</ele>
      </trkpt>
      <trkpt lat="18.852927647531033" lon="98.90919134952128">
        <ele>1016.73</ele>
      </trkpt>
      <trkpt lat="18.85293485596776" lon="98.90924482606351">
        <ele>1015.19</ele>
      </trkpt>
      <trkpt lat="18.852919517084956" lon="98.90933141112328">
        <ele>1013.6</ele>
      </trkpt>
      <trkpt lat="18.85282304137945" lon="98.90951522625983">
        <ele>1011.89</ele>
      </trkpt>
      <trkpt lat="18.852801583707333" lon="98.90952528454363">
        <ele>1010.38</ele>
      </trkpt>
      <trkpt lat="18.85277601890266" lon="98.90957398340106">
        <ele>1008.81</ele>
      </trkpt>
      <trkpt lat="18.852745424956083" lon="98.90970180742443">
        <ele>1007.14</ele>
      </trkpt>
      <trkpt lat="18.852727320045233" lon="98.90991546213627">
        <ele>1005.35</ele>
      </trkpt>
      <trkpt lat="18.852760260924697" lon="98.91014412045479">
        <ele>1003.65</ele>
      </trkpt>
      <trkpt lat="18.852851204574108" lon="98.91030882485211">
        <ele>1002.14</ele>
      </trkpt>
      <trkpt lat="18.852942315861583" lon="98.9104736968875">
        <ele>1000.59</ele>
      </trkpt>
      <trkpt lat="18.85299688205123" lon="98.91051636077464">
        <ele>999.15</ele>
      </trkpt>
      <trkpt lat="18.853179942816496" lon="98.91057302244008">
        <ele>997.91</ele>
      </trkpt>
      <trkpt lat="18.85327197611332" lon="98.9106267504394">
        <ele>996.54</ele>
      </trkpt>
      <trkpt lat="18.853476997464895" lon="98.91083135269582">
        <ele>995.04</ele>
      </trkpt>
      <trkpt lat="18.853517062962055" lon="98.91090117394924">
        <ele>993.49</ele>
      </trkpt>
      <trkpt lat="18.853531312197447" lon="98.91096311621368">
        <ele>991.95</ele>
      </trkpt>
      <trkpt lat="18.853653771802783" lon="98.91113117337227">
        <ele>990.54</ele>
      </trkpt>
      <trkpt lat="18.853688053786755" lon="98.91127349808812">
        <ele>989.03</ele>
      </trkpt>
      <trkpt lat="18.8536995369941" lon="98.91142470762134">
        <ele>987.51</ele>
      </trkpt>
      <trkpt lat="18.853640612214804" lon="98.91161740757525">
        <ele>985.93</ele>
      </trkpt>
      <trkpt lat="18.853590907528996" lon="98.91188244335353">
        <ele>984.43</ele>
      </trkpt>
      <trkpt lat="18.853541370481253" lon="98.91214706003666">
        <ele>982.8</ele>
      </trkpt>
      <trkpt lat="18.853484457358718" lon="98.9123728685081">
        <ele>981.09</ele>
      </trkpt>
      <trkpt lat="18.853522008284926" lon="98.91246741637588">
        <ele>979.54</ele>
      </trkpt>
      <trkpt lat="18.85357992723584" lon="98.91252961009741">
        <ele>978.02</ele>
      </trkpt>
      <trkpt lat="18.853731555864215" lon="98.91260127536952">
        <ele>976.55</ele>
      </trkpt>
      <trkpt lat="18.853884441778064" lon="98.91267352737486">
        <ele>975.0</ele>
      </trkpt>
      <trkpt lat="18.853961722925305" lon="98.91272759065032">
        <ele>973.4</ele>
      </trkpt>
      <trkpt lat="18.854001620784402" lon="98.9127891138196">
        <ele>971.75</ele>
      </trkpt>
      <trkpt lat="18.85401670821011" lon="98.91291392035782">
        <ele>970.01</ele>
      </trkpt>
      <trkpt lat="18.853973289951682" lon="98.91323712654412">
        <ele>968.1</ele>
      </trkpt>
      <trkpt lat="18.853979827836156" lon="98.91335447318852">
        <ele>966.45</ele>
      </trkpt>
      <trkpt lat="18.854031963273883" lon="98.91351037658751">
        <ele>964.85</ele>
      </trkpt>
      <trkpt lat="18.854007069021463" lon="98.9137233607471">
        <ele>962.99</ele>
      </trkpt>
      <trkpt lat="18.85401369072497" lon="98.91380273737013">
        <ele>961.35</ele>
      </trkpt>
      <trkpt lat="18.853991394862533" lon="98.91386384144425">
        <ele>959.68</ele>
      </trkpt>
      <trkpt lat="18.853967925533652" lon="98.91386803239584">
        <ele>958.05</ele>
      </trkpt>
      <trkpt lat="18.85387639515102" lon="98.91376954503357">
        <ele>956.39</ele>
      </trkpt>
      <trkpt lat="18.853790648281574" lon="98.91360517591238">
        <ele>954.85</ele>
      </trkpt>
      <trkpt lat="18.853733651340008" lon="98.91355463303626">
        <ele>953.28</ele>
      </trkpt>
      <trkpt lat="18.853678414598107" lon="98.91358455643058">
        <ele>951.68</ele>
      </trkpt>
      <trkpt lat="18.853575652465224" lon="98.91373216174543">
        <ele>949.99</ele>
      </trkpt>
      <trkpt lat="18.85350013151765" lon="98.913728389889">
        <ele>948.49</ele>
      </trkpt>
      <trkpt lat="18.853324111551046" lon="98.91381489112973">
        <ele>946.76</ele>
      </trkpt>
      <trkpt lat="18.85325144045055" lon="98.91380340792239">
        <ele>945.29</ele>
      </trkpt>
      <trkpt lat="18.853179858997464" lon="98.91375940293074">
        <ele>943.92</ele>
      </trkpt>
      <trkpt lat="18.85299202054739" lon="98.91369335353374">
        <ele>942.54</ele>
      </trkpt>
      <trkpt lat="18.852709801867604" lon="98.91368094831705">
        <ele>941.11</ele>
      </trkpt>
      <trkpt lat="18.852611649781466" lon="98.9136594068259">
        <ele>939.82</ele>
      </trkpt>
      <trkpt lat="18.852554820477962" lon="98.91362646594644">
        <ele>938.6</ele>
      </trkpt>
      <trkpt lat="18.85248868726194" lon="98.91361800022423">
        <ele>937.41</ele>
      </trkpt>
      <trkpt lat="18.852229015901685" lon="98.9136747457087">
        <ele>936.22</ele>
      </trkpt>
      <trkpt lat="18.852177634835243" lon="98.9136731531471">
        <ele>935.17</ele>
      </trkpt>
      <trkpt lat="18.852145029231906" lon="98.91369368880987">
        <ele>934.17</ele>
      </trkpt>
      <trkpt lat="18.85208903811872" lon="98.91368572600186">
        <ele>933.25</ele>
      </trkpt>
      <trkpt lat="18.852063892409205" lon="98.91373517923057">
        <ele>932.38</ele>
      </trkpt>
      <trkpt lat="18.85205676779151" lon="98.91380156390369">
        <ele>931.6</ele>
      </trkpt>
      <trkpt lat="18.851992981508374" lon="98.91383626498282">
        <ele>930.95</ele>
      </trkpt>
      <trkpt lat="18.851989042013884" lon="98.91391304321587">
        <ele>930.33</ele>
      </trkpt>
      <trkpt lat="18.852075124159455" lon="98.91404363326728">
        <ele>929.7</ele>
      </trkpt>
      <trkpt lat="18.85213589295745" lon="98.91410213895142">
        <ele>929.16</ele>
      </trkpt>
      <trkpt lat="18.852250557392836" lon="98.91414186917245">
        <ele>928.67</ele>
      </trkpt>
      <trkpt lat="18.85234066285193" lon="98.91419408842921">
        <ele>928.29</ele>
      </trkpt>
      <trkpt lat="18.852481981739402" lon="98.91435787081718">
        <ele>927.92</ele>
      </trkpt>
      <trkpt lat="18.8525269087404" lon="98.91458300873637">
        <ele>927.89</ele>
      </trkpt>
      <trkpt lat="18.852604273706675" lon="98.91485894098878">
        <ele>928.15</ele>
      </trkpt>
      <trkpt lat="18.852659007534385" lon="98.91494837589562">
        <ele>928.31</ele>
      </trkpt>
      <trkpt lat="18.8527013361454" lon="98.9150751940906">
        <ele>928.69</ele>
      </trkpt>
      <trkpt lat="18.852740228176117" lon="98.91513789072633">
        <ele>929.07</ele>
      </trkpt>
      <trkpt lat="18.852757159620523" lon="98.91527007333934">
        <ele>929.62</ele>
      </trkpt>
      <trkpt lat="18.85273494757712" lon="98.91538909636438">
        <ele>930.56</ele>
      </trkpt>
      <trkpt lat="18.852747436612844" lon="98.91544165089726">
        <ele>931.33</ele>
      </trkpt>
      <trkpt lat="18.852740982547402" lon="98.91549336723983">
        <ele>932.28</ele>
      </trkpt>
      <trkpt lat="18.852787083014846" lon="98.9155535493046">
        <ele>933.14</ele>
      </trkpt>
      <trkpt lat="18.85278046131134" lon="98.9155831374228">
        <ele>934.31</ele>
      </trkpt>
      <trkpt lat="18.852796303108335" lon="98.91560995951295">
        <ele>935.53</ele>
      </trkpt>
      <trkpt lat="18.852783646434546" lon="98.91563954763114">
        <ele>937.0</ele>
      </trkpt>
      <trkpt lat="18.85281759314239" lon="98.91571247018874">
        <ele>938.43</ele>
      </trkpt>
      <trkpt lat="18.852804098278284" lon="98.91575404442847">
        <ele>940.18</ele>
      </trkpt>
      <trkpt lat="18.85283418931067" lon="98.91580182127655">
        <ele>941.82</ele>
      </trkpt>
      <trkpt lat="18.852833351120353" lon="98.91587482765317">
        <ele>943.78</ele>
      </trkpt>
      <trkpt lat="18.85287224315107" lon="98.91597591340542">
        <ele>945.67</ele>
      </trkpt>
      <trkpt lat="18.852855898439884" lon="98.91599242575467">
        <ele>947.73</ele>
      </trkpt>
      <trkpt lat="18.8528654538095" lon="98.91600801609457">
        <ele>949.75</ele>
      </trkpt>
      <trkpt lat="18.85285221040249" lon="98.91601229086518">
        <ele>951.94</ele>
      </trkpt>
      <trkpt lat="18.852863609790802" lon="98.91603458672762">
        <ele>954.09</ele>
      </trkpt>
      <trkpt lat="18.852851958945394" lon="98.91607188619673">
        <ele>956.44</ele>
      </trkpt>
      <trkpt lat="18.852826058864594" lon="98.91608445905149">
        <ele>958.86</ele>
      </trkpt>
      <trkpt lat="18.8528239633888" lon="98.9161272905767">
        <ele>961.26</ele>
      </trkpt>
      <trkpt lat="18.852779706940055" lon="98.9161774981767">
        <ele>963.83</ele>
      </trkpt>
      <trkpt lat="18.852756824344397" lon="98.91624907962978">
        <ele>966.33</ele>
      </trkpt>
      <trkpt lat="18.852672167122364" lon="98.91626324504614">
        <ele>969.0</ele>
      </trkpt>
      <trkpt lat="18.852622965350747" lon="98.91630138270557">
        <ele>971.52</ele>
      </trkpt>
      <trkpt lat="18.852573847398162" lon="98.91638184897602">
        <ele>973.97</ele>
      </trkpt>
      <trkpt lat="18.852510815486312" lon="98.91640305519104">
        <ele>976.51</ele>
      </trkpt>
      <trkpt lat="18.852398917078972" lon="98.91648184508085">
        <ele>979.06</ele>
      </trkpt>
      <trkpt lat="18.852354073897004" lon="98.9165538456291">
        <ele>981.36</ele>
      </trkpt>
      <trkpt lat="18.852310488000512" lon="98.91656323336065">
        <ele>983.63</ele>
      </trkpt>
      <trkpt lat="18.85226547718048" lon="98.91661184839904">
        <ele>985.76</ele>
      </trkpt>
      <trkpt lat="18.852281738072634" lon="98.91664017923176">
        <ele>987.73</ele>
      </trkpt>
      <trkpt lat="18.85220043361187" lon="98.91671217978">
        <ele>989.78</ele>
      </trkpt>
      <trkpt lat="18.85222239419818" lon="98.91672768630087">
        <ele>991.59</ele>
      </trkpt>
      <trkpt lat="18.852178808301687" lon="98.91671662218869">
        <ele>993.49</ele>
      </trkpt>
      <trkpt lat="18.852139078080654" lon="98.91674587503076">
        <ele>995.28</ele>
      </trkpt>
      <trkpt lat="18.852059366181493" lon="98.91675936989486">
        <ele>997.08</ele>
      </trkpt>
      <trkpt lat="18.852051151916385" lon="98.91678711399436">
        <ele>998.61</ele>
      </trkpt>
      <trkpt lat="18.8520244974643" lon="98.9167991001159">
        <ele>1000.05</ele>
      </trkpt>
      <trkpt lat="18.851818135008216" lon="98.91679205931723">
        <ele>1001.56</ele>
      </trkpt>
      <trkpt lat="18.85177882388234" lon="98.91682432964444">
        <ele>1002.8</ele>
      </trkpt>
      <trkpt lat="18.85164479725063" lon="98.91690974123776">
        <ele>1003.86</ele>
      </trkpt>
      <trkpt lat="18.851560726761818" lon="98.91695014201105">
        <ele>1004.86</ele>
      </trkpt>
      <trkpt lat="18.851494509726763" lon="98.91694410704076">
        <ele>1005.85</ele>
      </trkpt>
      <trkpt lat="18.85143131017685" lon="98.91699766740203">
        <ele>1006.68</ele>
      </trkpt>
      <trkpt lat="18.851342629641294" lon="98.91695039346814">
        <ele>1007.66</ele>
      </trkpt>
      <trkpt lat="18.8512871414423" lon="98.91698651947081">
        <ele>1008.41</ele>
      </trkpt>
      <trkpt lat="18.85118991136551" lon="98.91699272207916">
        <ele>1009.15</ele>
      </trkpt>
      <trkpt lat="18.851143391802907" lon="98.91702884808183">
        <ele>1009.77</ele>
      </trkpt>
      <trkpt lat="18.85096427053213" lon="98.91704351641238">
        <ele>1010.32</ele>
      </trkpt>
      <trkpt lat="18.850744916126132" lon="98.9169891178608">
        <ele>1011.06</ele>
      </trkpt>
      <trkpt lat="18.85050351731479" lon="98.91685953363776">
        <ele>1012.09</ele>
      </trkpt>
      <trkpt lat="18.850325820967555" lon="98.91680345870554">
        <ele>1012.85</ele>
      </trkpt>
      <trkpt lat="18.850121553987265" lon="98.91665736213326">
        <ele>1013.58</ele>
      </trkpt>
      <trkpt lat="18.850009571760893" lon="98.91653884202242">
        <ele>1014.29</ele>
      </trkpt>
      <trkpt lat="18.849850986152887" lon="98.91644027084112">
        <ele>1014.85</ele>
      </trkpt>
      <trkpt lat="18.849791726097465" lon="98.91643398441374">
        <ele>1015.29</ele>
      </trkpt>
      <trkpt lat="18.849739842116833" lon="98.91645485535264">
        <ele>1015.65</ele>
      </trkpt>
      <trkpt lat="18.849618639796972" lon="98.9164156280458">
        <ele>1016.09</ele>
      </trkpt>
      <trkpt lat="18.84945527650416" lon="98.9164359960705">
        <ele>1016.3</ele>
      </trkpt>
      <trkpt lat="18.849386125802994" lon="98.91640724614263">
        <ele>1016.77</ele>
      </trkpt>
      <trkpt lat="18.849320160225034" lon="98.91632845625281">
        <ele>1017.31</ele>
      </trkpt>
      <trkpt lat="18.84906493127346" lon="98.91615771688521">
        <ele>1017.9</ele>
      </trkpt>
      <trkpt lat="18.848960492759943" lon="98.91605998389423">
        <ele>1018.54</ele>
      </trkpt>
      <trkpt lat="18.848782880231738" lon="98.91594800166786">
        <ele>1019.15</ele>
      </trkpt>
      <trkpt lat="18.848604261875153" lon="98.91583543270826">
        <ele>1019.82</ele>
      </trkpt>
      <trkpt lat="18.848391445353627" lon="98.91560811549425">
        <ele>1020.77</ele>
      </trkpt>
      <trkpt lat="18.848305279389024" lon="98.915602164343">
        <ele>1021.28</ele>
      </trkpt>
      <trkpt lat="18.84821475483477" lon="98.91564189456403">
        <ele>1021.7</ele>
      </trkpt>
      <trkpt lat="18.84811249561608" lon="98.91565346159041">
        <ele>1022.22</ele>
      </trkpt>
      <trkpt lat="18.848038567230105" lon="98.91570886597037">
        <ele>1022.81</ele>
      </trkpt>
      <trkpt lat="18.847934966906905" lon="98.9157440699637">
        <ele>1023.47</ele>
      </trkpt>
      <trkpt lat="18.847817704081535" lon="98.91574155539274">
        <ele>1024.22</ele>
      </trkpt>
      <trkpt lat="18.847624333575368" lon="98.91577851958573">
        <ele>1024.93</ele>
      </trkpt>
      <trkpt lat="18.84751796722412" lon="98.91578338108957">
        <ele>1025.72</ele>
      </trkpt>
      <trkpt lat="18.847352508455515" lon="98.91576720401645">
        <ele>1026.61</ele>
      </trkpt>
      <trkpt lat="18.847248572856188" lon="98.91573912464082">
        <ele>1027.67</ele>
      </trkpt>
      <trkpt lat="18.847143379971385" lon="98.9157366938889">
        <ele>1028.82</ele>
      </trkpt>
      <trkpt lat="18.84698144160211" lon="98.91581045463681">
        <ele>1029.99</ele>
      </trkpt>
      <trkpt lat="18.84691396728158" lon="98.91586912795901">
        <ele>1031.07</ele>
      </trkpt>
      <trkpt lat="18.846848756074905" lon="98.91596493311226">
        <ele>1032.2</ele>
      </trkpt>
      <trkpt lat="18.846849091351032" lon="98.91602628864348">
        <ele>1033.32</ele>
      </trkpt>
      <trkpt lat="18.846913380548358" lon="98.91617867164314">
        <ele>1034.22</ele>
      </trkpt>
      <trkpt lat="18.846977669745684" lon="98.9163310546428">
        <ele>1035.32</ele>
      </trkpt>
      <trkpt lat="18.84695998392999" lon="98.91650632023811">
        <ele>1036.61</ele>
      </trkpt>
      <trkpt lat="18.846917655318975" lon="98.91654496081173">
        <ele>1038.06</ele>
      </trkpt>
      <trkpt lat="18.84685286320746" lon="98.91657463274896">
        <ele>1039.6</ele>
      </trkpt>
      <trkpt lat="18.8466764241457" lon="98.91656625084579">
        <ele>1041.33</ele>
      </trkpt>
      <trkpt lat="18.84664423763752" lon="98.91657756641507">
        <ele>1042.99</ele>
      </trkpt>
      <trkpt lat="18.8465728238225" lon="98.91655208542943">
        <ele>1044.73</ele>
      </trkpt>
      <trkpt lat="18.84642094373703" lon="98.9164364989847">
        <ele>1046.57</ele>
      </trkpt>
      <trkpt lat="18.846374256536365" lon="98.91637187451124">
        <ele>1048.4</ele>
      </trkpt>
      <trkpt lat="18.84620351716876" lon="98.91625704243779">
        <ele>1050.36</ele>
      </trkpt>
      <trkpt lat="18.84607058018446" lon="98.91625142656267">
        <ele>1052.41</ele>
      </trkpt>
      <trkpt lat="18.845935380086303" lon="98.91614589840174">
        <ele>1054.56</ele>
      </trkpt>
      <trkpt lat="18.84591710753739" lon="98.91614740714431">
        <ele>1056.53</ele>
      </trkpt>
      <trkpt lat="18.84589958935976" lon="98.91618303023279">
        <ele>1058.5</ele>
      </trkpt>
      <trkpt lat="18.84589766152203" lon="98.91623709350824">
        <ele>1060.46</ele>
      </trkpt>
      <trkpt lat="18.84594996459782" lon="98.91638888977468">
        <ele>1062.51</ele>
      </trkpt>
      <trkpt lat="18.845981061458588" lon="98.91665836796165">
        <ele>1064.69</ele>
      </trkpt>
      <trkpt lat="18.84603001177311" lon="98.91681033186615">
        <ele>1066.7</ele>
      </trkpt>
      <trkpt lat="18.846062449738383" lon="98.917008144781">
        <ele>1068.81</ele>
      </trkpt>
      <trkpt lat="18.846136294305325" lon="98.91712297685444">
        <ele>1070.74</ele>
      </trkpt>
      <trkpt lat="18.846159428358078" lon="98.9172182790935">
        <ele>1072.72</ele>
      </trkpt>
      <trkpt lat="18.846187759190798" lon="98.91727183945477">
        <ele>1074.54</ele>
      </trkpt>
      <trkpt lat="18.846187591552734" lon="98.91731584444642">
        <ele>1076.32</ele>
      </trkpt>
      <trkpt lat="18.846207708120346" lon="98.91734668985009">
        <ele>1077.97</ele>
      </trkpt>
      <trkpt lat="18.846232937648892" lon="98.91745062544942">
        <ele>1079.66</ele>
      </trkpt>
      <trkpt lat="18.846263866871595" lon="98.91765790991485">
        <ele>1081.38</ele>
      </trkpt>
      <trkpt lat="18.846282809972763" lon="98.91770568676293">
        <ele>1082.76</ele>
      </trkpt>
      <trkpt lat="18.846336621791124" lon="98.91777408309281">
        <ele>1084.01</ele>
      </trkpt>
      <trkpt lat="18.846349362283945" lon="98.9178176689893">
        <ele>1085.18</ele>
      </trkpt>
      <trkpt lat="18.846379285678267" lon="98.91783552244306">
        <ele>1086.18</ele>
      </trkpt>
      <trkpt lat="18.846419854089618" lon="98.9179128035903">
        <ele>1087.1</ele>
      </trkpt>
      <trkpt lat="18.846456985920668" lon="98.91793199814856">
        <ele>1087.83</ele>
      </trkpt>
      <trkpt lat="18.846485149115324" lon="98.91801347024739">
        <ele>1088.49</ele>
      </trkpt>
      <trkpt lat="18.846593191847205" lon="98.9181218482554">
        <ele>1088.92</ele>
      </trkpt>
      <trkpt lat="18.846622612327337" lon="98.91822997480631">
        <ele>1089.36</ele>
      </trkpt>
      <trkpt lat="18.84665697813034" lon="98.9182854630053">
        <ele>1089.62</ele>
      </trkpt>
      <trkpt lat="18.846653206273913" lon="98.91832980327308">
        <ele>1089.79</ele>
      </trkpt>
      <trkpt lat="18.846670808270574" lon="98.91835872083902">
        <ele>1089.8</ele>
      </trkpt>
      <trkpt lat="18.84690617211163" lon="98.91847807914019">
        <ele>1089.54</ele>
      </trkpt>
      <trkpt lat="18.847118318080902" lon="98.91852359287441">
        <ele>1089.17</ele>
      </trkpt>
      <trkpt lat="18.847216637805104" lon="98.91857421956956">
        <ele>1088.76</ele>
      </trkpt>
      <trkpt lat="18.847269443795085" lon="98.91858327202499">
        <ele>1088.26</ele>
      </trkpt>
      <trkpt lat="18.84738938882947" lon="98.91855586320162">
        <ele>1087.62</ele>
      </trkpt>
      <trkpt lat="18.84751151315868" lon="98.91857815906405">
        <ele>1086.93</ele>
      </trkpt>
      <trkpt lat="18.847687114030123" lon="98.91855879686773">
        <ele>1086.14</ele>
      </trkpt>
      <trkpt lat="18.8477901276201" lon="98.91858419403434">
        <ele>1085.31</ele>
      </trkpt>
      <trkpt lat="18.847857266664505" lon="98.9185830205679">
        <ele>1084.39</ele>
      </trkpt>
      <trkpt lat="18.84798743762076" lon="98.91856784932315">
        <ele>1083.37</ele>
      </trkpt>
      <trkpt lat="18.848055079579353" lon="98.91853407025337">
        <ele>1082.27</ele>
      </trkpt>
      <trkpt lat="18.8481511361897" lon="98.91852392815053">
        <ele>1081.11</ele>
      </trkpt>
      <trkpt lat="18.84845514781773" lon="98.91861202195287">
        <ele>1079.76</ele>
      </trkpt>
      <trkpt lat="18.8485776912421" lon="98.918601796031">
        <ele>1078.39</ele>
      </trkpt>
      <trkpt lat="18.84876494295895" lon="98.9186877105385">
        <ele>1076.97</ele>
      </trkpt>
      <trkpt lat="18.848955295979977" lon="98.91870229505002">
        <ele>1075.44</ele>
      </trkpt>
      <trkpt lat="18.849030900746584" lon="98.91874697059393">
        <ele>1073.97</ele>
      </trkpt>
      <trkpt lat="18.849082281813025" lon="98.91875577159226">
        <ele>1072.45</ele>
      </trkpt>
      <trkpt lat="18.84922368451953" lon="98.91881913878024">
        <ele>1070.83</ele>
      </trkpt>
      <trkpt lat="18.84933264926076" lon="98.91891896724701">
        <ele>1069.31</ele>
      </trkpt>
      <trkpt lat="18.849460557103157" lon="98.9189969189465">
        <ele>1067.76</ele>
      </trkpt>
      <trkpt lat="18.84961947798729" lon="98.9190524071455">
        <ele>1066.13</ele>
      </trkpt>
      <trkpt lat="18.849694412201643" lon="98.91913957893848">
        <ele>1064.54</ele>
      </trkpt>
      <trkpt lat="18.849790301173925" lon="98.91919255256653">
        <ele>1062.91</ele>
      </trkpt>
      <trkpt lat="18.849865151569247" lon="98.9192717615515">
        <ele>1061.29</ele>
      </trkpt>
      <trkpt lat="18.849911838769913" lon="98.91929363831878">
        <ele>1059.66</ele>
      </trkpt>
      <trkpt lat="18.84994109161198" lon="98.91936438158154">
        <ele>1058.09</ele>
      </trkpt>
      <trkpt lat="18.850008649751544" lon="98.91945616342127">
        <ele>1056.48</ele>
      </trkpt>
      <trkpt lat="18.85002600029111" lon="98.91950813122094">
        <ele>1054.89</ele>
      </trkpt>
      <trkpt lat="18.850009571760893" lon="98.9195114839822">
        <ele>1053.31</ele>
      </trkpt>
      <trkpt lat="18.85001879185438" lon="98.9195669721812">
        <ele>1051.7</ele>
      </trkpt>
      <trkpt lat="18.85005290620029" lon="98.91959764994681">
        <ele>1050.09</ele>
      </trkpt>
      <trkpt lat="18.85023965500295" lon="98.91959697939456">
        <ele>1048.29</ele>
      </trkpt>
      <trkpt lat="18.85035683400929" lon="98.91962505877018">
        <ele>1046.55</ele>
      </trkpt>
      <trkpt lat="18.850422212854028" lon="98.91969320364296">
        <ele>1044.89</ele>
      </trkpt>
      <trkpt lat="18.850540816783905" lon="98.91977190971375">
        <ele>1043.11</ele>
      </trkpt>
      <trkpt lat="18.85063678957522" lon="98.91987106762826">
        <ele>1041.38</ele>
      </trkpt>
      <trkpt lat="18.850715328007936" lon="98.91990216448903">
        <ele>1039.62</ele>
      </trkpt>
      <trkpt lat="18.850808115676045" lon="98.91991230659187">
        <ele>1037.77</ele>
      </trkpt>
      <trkpt lat="18.85089629329741" lon="98.91998363658786">
        <ele>1035.98</ele>
      </trkpt>
      <trkpt lat="18.850987823680043" lon="98.92011514864862">
        <ele>1034.44</ele>
      </trkpt>
      <trkpt lat="18.85105211287737" lon="98.92015437595546">
        <ele>1032.95</ele>
      </trkpt>
      <trkpt lat="18.851115982979536" lon="98.92022352665663">
        <ele>1031.53</ele>
      </trkpt>
      <trkpt lat="18.851210363209248" lon="98.92026686109602">
        <ele>1030.03</ele>
      </trkpt>
      <trkpt lat="18.85138445533812" lon="98.92030240036547">
        <ele>1028.33</ele>
      </trkpt>
      <trkpt lat="18.851520158350468" lon="98.92026593908668">
        <ele>1026.47</ele>
      </trkpt>
      <trkpt lat="18.851551925763488" lon="98.92028169706464">
        <ele>1024.75</ele>
      </trkpt>
      <trkpt lat="18.851569779217243" lon="98.92031799070537">
        <ele>1023.05</ele>
      </trkpt>
      <trkpt lat="18.85159651748836" lon="98.920335508883">
        <ele>1021.25</ele>
      </trkpt>
      <trkpt lat="18.851605905219913" lon="98.92039770260453">
        <ele>1019.51</ele>
      </trkpt>
      <trkpt lat="18.851677738130093" lon="98.9205427095294">
        <ele>1017.52</ele>
      </trkpt>
      <trkpt lat="18.85180908255279" lon="98.92067120410502">
        <ele>1015.42</ele>
      </trkpt>
      <trkpt lat="18.85192835703492" lon="98.92071386799216">
        <ele>1013.27</ele>
      </trkpt>
      <trkpt lat="18.8519898802042" lon="98.92077195458114">
        <ele>1011.08</ele>
      </trkpt>
      <trkpt lat="18.852054001763463" lon="98.92089324072003">
        <ele>1008.77</ele>
      </trkpt>
      <trkpt lat="18.85207730345428" lon="98.9209816697985">
        <ele>1006.46</ele>
      </trkpt>
      <trkpt lat="18.852307638153434" lon="98.92117705196142">
        <ele>1003.86</ele>
      </trkpt>
      <trkpt lat="18.852339908480644" lon="98.9212557580322">
        <ele>1001.39</ele>
      </trkpt>
      <trkpt lat="18.852339992299676" lon="98.92129238694906">
        <ele>998.9</ele>
      </trkpt>
      <trkpt lat="18.85232356376946" lon="98.92131887376308">
        <ele>996.38</ele>
      </trkpt>
      <trkpt lat="18.852343009784818" lon="98.9213524851948">
        <ele>993.76</ele>
      </trkpt>
      <trkpt lat="18.852443592622876" lon="98.92142398282886">
        <ele>990.96</ele>
      </trkpt>
      <trkpt lat="18.85256890207529" lon="98.92147125676274">
        <ele>988.14</ele>
      </trkpt>
      <trkpt lat="18.852665880694985" lon="98.9214563369751">
        <ele>985.32</ele>
      </trkpt>
      <trkpt lat="18.85268515907228" lon="98.92149003222585">
        <ele>982.48</ele>
      </trkpt>
      <trkpt lat="18.852736121043563" lon="98.92150268889964">
        <ele>979.6</ele>
      </trkpt>
      <trkpt lat="18.852764200419188" lon="98.92152858898044">
        <ele>976.67</ele>
      </trkpt>
      <trkpt lat="18.85284148156643" lon="98.92154820263386">
        <ele>973.64</ele>
      </trkpt>
      <trkpt lat="18.85289629921317" lon="98.92154451459646">
        <ele>970.65</ele>
      </trkpt>
      <trkpt lat="18.853078186511993" lon="98.9215924590826">
        <ele>967.28</ele>
      </trkpt>
      <trkpt lat="18.853144571185112" lon="98.92164870165288">
        <ele>964.12</ele>
      </trkpt>
      <trkpt lat="18.853170722723007" lon="98.92168985679746">
        <ele>961.05</ele>
      </trkpt>
      <trkpt lat="18.85321866720915" lon="98.92179261893034">
        <ele>957.91</ele>
      </trkpt>
      <trkpt lat="18.853219337761402" lon="98.92183301970363">
        <ele>954.84</ele>
      </trkpt>
      <trkpt lat="18.853258229792118" lon="98.92189923673868">
        <ele>951.68</ele>
      </trkpt>
      <trkpt lat="18.85333794169128" lon="98.92194407992065">
        <ele>948.46</ele>
      </trkpt>
      <trkpt lat="18.85336183011532" lon="98.92193720676005">
        <ele>945.32</ele>
      </trkpt>
      <trkpt lat="18.853464424610138" lon="98.92197668552399">
        <ele>942.04</ele>
      </trkpt>
      <trkpt lat="18.85349485091865" lon="98.92196989618242">
        <ele>938.87</ele>
      </trkpt>
      <trkpt lat="18.853534245863557" lon="98.92200476489961">
        <ele>935.65</ele>
      </trkpt>
      <trkpt lat="18.853540616109967" lon="98.92210903577507">
        <ele>932.41</ele>
      </trkpt>
      <trkpt lat="18.85360431857407" lon="98.92217961139977">
        <ele>929.07</ele>
      </trkpt>
      <trkpt lat="18.85363114066422" lon="98.9223337545991">
        <ele>925.66</ele>
      </trkpt>
      <trkpt lat="18.85368252173066" lon="98.9223641809076">
        <ele>922.37</ele>
      </trkpt>
      <trkpt lat="18.853733567520976" lon="98.92235512845218">
        <ele>919.16</ele>
      </trkpt>
      <trkpt lat="18.853788720443845" lon="98.9224178250879">
        <ele>915.8</ele>
      </trkpt>
      <trkpt lat="18.853851752355695" lon="98.92253441736102">
        <ele>912.32</ele>
      </trkpt>
      <trkpt lat="18.853902043774724" lon="98.92256140708923">
        <ele>909.03</ele>
      </trkpt>
      <trkpt lat="18.85394780896604" lon="98.92256031744182">
        <ele>905.81</ele>
      </trkpt>
      <trkpt lat="18.853975301608443" lon="98.92252628691494">
        <ele>902.68</ele>
      </trkpt>
      <trkpt lat="18.854023665189743" lon="98.92251488752663">
        <ele>899.48</ele>
      </trkpt>
      <trkpt lat="18.85405233129859" lon="98.92255025915802">
        <ele>896.21</ele>
      </trkpt>
      <trkpt lat="18.854047805070877" lon="98.92257674597204">
        <ele>893.03</ele>
      </trkpt>
      <trkpt lat="18.854071190580726" lon="98.92261697910726">
        <ele>889.8</ele>
      </trkpt>
      <trkpt lat="18.85420965962112" lon="98.92270381562412">
        <ele>886.4</ele>
      </trkpt>
      <trkpt lat="18.85431761853397" lon="98.92287782393396">
        <ele>883.04</ele>
      </trkpt>
      <trkpt lat="18.854409735649824" lon="98.92291185446084">
        <ele>879.82</ele>
      </trkpt>
      <trkpt lat="18.854404538869858" lon="98.9229606371373">
        <ele>876.69</ele>
      </trkpt>
      <trkpt lat="18.854420883581042" lon="98.92297740094364">
        <ele>873.59</ele>
      </trkpt>
      <trkpt lat="18.854535464197397" lon="98.92300841398537">
        <ele>870.39</ele>
      </trkpt>
      <trkpt lat="18.854744592681527" lon="98.92318074591458">
        <ele>866.99</ele>
      </trkpt>
      <trkpt lat="18.85475012473762" lon="98.92315627075732">
        <ele>864.0</ele>
      </trkpt>
      <trkpt lat="18.85482589714229" lon="98.92325618304312">
        <ele>860.8</ele>
      </trkpt>
      <trkpt lat="18.854883145540953" lon="98.92328292131424">
        <ele>857.75</ele>
      </trkpt>
      <trkpt lat="18.85498565621674" lon="98.92339582554996">
        <ele>854.58</ele>
      </trkpt>
      <trkpt lat="18.85503745637834" lon="98.92339213751256">
        <ele>851.64</ele>
      </trkpt>
      <trkpt lat="18.85507266037166" lon="98.92336145974696">
        <ele>848.76</ele>
      </trkpt>
      <trkpt lat="18.855107529088855" lon="98.92336070537567">
        <ele>845.87</ele>
      </trkpt>
      <trkpt lat="18.85513569228351" lon="98.92336933873594">
        <ele>843.01</ele>
      </trkpt>
      <trkpt lat="18.855172405019403" lon="98.92341384664178">
        <ele>840.11</ele>
      </trkpt>
      <trkpt lat="18.855277011170983" lon="98.92344569787383">
        <ele>837.16</ele>
      </trkpt>
      <trkpt lat="18.85531146079302" lon="98.92342851497233">
        <ele>834.4</ele>
      </trkpt>
      <trkpt lat="18.85536384768784" lon="98.92342935316265">
        <ele>831.63</ele>
      </trkpt>
      <trkpt lat="18.855434507131577" lon="98.92346397042274">
        <ele>828.82</ele>
      </trkpt>
      <trkpt lat="18.85554808191955" lon="98.92341753467917">
        <ele>826.0</ele>
      </trkpt>
      <trkpt lat="18.855726532638073" lon="98.92341342754662">
        <ele>823.12</ele>
      </trkpt>
      <trkpt lat="18.855770202353597" lon="98.92344485968351">
        <ele>820.51</ele>
      </trkpt>
      <trkpt lat="18.855799958109856" lon="98.92349096015096">
        <ele>817.96</ele>
      </trkpt>
      <trkpt lat="18.85582460090518" lon="98.92349456436932">
        <ele>815.47</ele>
      </trkpt>
      <trkpt lat="18.855828875675797" lon="98.9235214702785">
        <ele>813.04</ele>
      </trkpt>
      <trkpt lat="18.855901630595326" lon="98.9235402457416">
        <ele>810.55</ele>
      </trkpt>
      <trkpt lat="18.85596432723105" lon="98.92353429459035">
        <ele>808.11</ele>
      </trkpt>
      <trkpt lat="18.856052085757256" lon="98.92359355464578">
        <ele>805.68</ele>
      </trkpt>
      <trkpt lat="18.856271523982286" lon="98.92360026016831">
        <ele>803.11</ele>
      </trkpt>
      <trkpt lat="18.856373531743884" lon="98.923628507182">
        <ele>800.75</ele>
      </trkpt>
      <trkpt lat="18.85653890669346" lon="98.92363646999002">
        <ele>798.37</ele>
      </trkpt>
      <trkpt lat="18.8566870149225" lon="98.92368734814227">
        <ele>796.1</ele>
      </trkpt>
      <trkpt lat="18.856756668537855" lon="98.92374945804477">
        <ele>793.93</ele>
      </trkpt>
      <trkpt lat="18.856879463419318" lon="98.92381056211889">
        <ele>791.84</ele>
      </trkpt>
      <trkpt lat="18.856973592191935" lon="98.9238341152668">
        <ele>789.79</ele>
      </trkpt>
      <trkpt lat="18.857072414830327" lon="98.92391986213624">
        <ele>787.78</ele>
      </trkpt>
      <trkpt lat="18.85714592412114" lon="98.92396210692823">
        <ele>785.78</ele>
      </trkpt>
      <trkpt lat="18.857342647388577" lon="98.92399949021637">
        <ele>783.76</ele>
      </trkpt>
      <trkpt lat="18.85744147002697" lon="98.92403687350452">
        <ele>781.79</ele>
      </trkpt>
      <trkpt lat="18.857609778642654" lon="98.92404173500836">
        <ele>779.81</ele>
      </trkpt>
      <trkpt lat="18.857691921293736" lon="98.9240101352334">
        <ele>777.86</ele>
      </trkpt>
      <trkpt lat="18.85775428265333" lon="98.92391743138433">
        <ele>775.91</ele>
      </trkpt>
      <trkpt lat="18.857794851064682" lon="98.92389412969351">
        <ele>773.99</ele>
      </trkpt>
      <trkpt lat="18.857832150533795" lon="98.92388097010553">
        <ele>772.07</ele>
      </trkpt>
      <trkpt lat="18.857849333435297" lon="98.92389932647347">
        <ele>770.2</ele>
      </trkpt>
      <trkpt lat="18.857887471094728" lon="98.92389547079802">
        <ele>768.3</ele>
      </trkpt>
      <trkpt lat="18.858146471902728" lon="98.92376446165144">
        <ele>766.08</ele>
      </trkpt>
      <trkpt lat="18.858231883496046" lon="98.92377560958266">
        <ele>764.1</ele>
      </trkpt>
      <trkpt lat="18.85827454738319" lon="98.9237202052027">
        <ele>762.1</ele>
      </trkpt>
      <trkpt lat="18.858294999226928" lon="98.9236023556441">
        <ele>760.01</ele>
      </trkpt>
      <trkpt lat="18.858288461342454" lon="98.92355617135763">
        <ele>758.09</ele>
      </trkpt>
      <trkpt lat="18.858314277604222" lon="98.92349163070321">
        <ele>756.1</ele>
      </trkpt>
      <trkpt lat="18.858448220416903" lon="98.92337000928819">
        <ele>753.96</ele>
      </trkpt>
      <trkpt lat="18.85845542885363" lon="98.92333497293293">
        <ele>752.01</ele>
      </trkpt>
      <trkpt lat="18.858441431075335" lon="98.92331167124212">
        <ele>750.09</ele>
      </trkpt>
      <trkpt lat="18.85844168253243" lon="98.92324428074062">
        <ele>748.11</ele>
      </trkpt>
      <trkpt lat="18.85851116850972" lon="98.92316632904112">
        <ele>746.05</ele>
      </trkpt>
      <trkpt lat="18.85854193009436" lon="98.92317295074463">
        <ele>744.07</ele>
      </trkpt>
      <trkpt lat="18.858548887073994" lon="98.92316138371825">
        <ele>742.07</ele>
      </trkpt>
      <trkpt lat="18.858764469623566" lon="98.92313171178102">
        <ele>739.86</ele>
      </trkpt>
      <trkpt lat="18.858816605061293" lon="98.923099944368">
        <ele>737.77</ele>
      </trkpt>
      <trkpt lat="18.858880307525396" lon="98.92311184667051">
        <ele>735.66</ele>
      </trkpt>
      <trkpt lat="18.858980303630233" lon="98.92308334819973">
        <ele>733.48</ele>
      </trkpt>
      <trkpt lat="18.859152551740408" lon="98.92309784889221">
        <ele>731.23</ele>
      </trkpt>
      <trkpt lat="18.859209716320038" lon="98.92312433570623">
        <ele>729.06</ele>
      </trkpt>
      <trkpt lat="18.8592928647995" lon="98.92319918610156">
        <ele>726.83</ele>
      </trkpt>
      <trkpt lat="18.85935547761619" lon="98.92320362851024">
        <ele>724.55</ele>
      </trkpt>
      <trkpt lat="18.859418174251914" lon="98.92317965626717">
        <ele>722.23</ele>
      </trkpt>
      <trkpt lat="18.85952588170767" lon="98.92316725105047">
        <ele>719.82</ele>
      </trkpt>
      <trkpt lat="18.85955521836877" lon="98.9231918938458">
        <ele>717.47</ele>
      </trkpt>
      <trkpt lat="18.85972486808896" lon="98.92317563295364">
        <ele>714.89</ele>
      </trkpt>
      <trkpt lat="18.85983039624989" lon="98.92320144921541">
        <ele>712.36</ele>
      </trkpt>
      <trkpt lat="18.85986903682351" lon="98.92319633625448">
        <ele>709.89</ele>
      </trkpt>
      <trkpt lat="18.859930308535695" lon="98.92316138371825">
        <ele>707.37</ele>
      </trkpt>
      <trkpt lat="18.86002921499312" lon="98.92315442673862">
        <ele>704.77</ele>
      </trkpt>
      <trkpt lat="18.860079674050212" lon="98.92317152582109">
        <ele>702.18</ele>
      </trkpt>
      <trkpt lat="18.8602461386472" lon="98.9231657423079">
        <ele>699.44</ele>
      </trkpt>
      <trkpt lat="18.860381674021482" lon="98.92321083694696">
        <ele>696.69</ele>
      </trkpt>
      <trkpt lat="18.860492315143347" lon="98.9232019521296">
        <ele>693.92</ele>
      </trkpt>
      <trkpt lat="18.860570015385747" lon="98.9232349768281">
        <ele>691.14</ele>
      </trkpt>
      <trkpt lat="18.860720889642835" lon="98.92319298349321">
        <ele>688.24</ele>
      </trkpt>
      <trkpt lat="18.860776461660862" lon="98.92320957966149">
        <ele>685.42</ele>
      </trkpt>
      <trkpt lat="18.860919708386064" lon="98.92321192659438">
        <ele>682.48</ele>
      </trkpt>
      <trkpt lat="18.861013166606426" lon="98.92331385053694">
        <ele>679.56</ele>
      </trkpt>
      <trkpt lat="18.8610368873924" lon="98.92340747639537">
        <ele>676.66</ele>
      </trkpt>
      <trkpt lat="18.86107393540442" lon="98.92347578890622">
        <ele>673.72</ele>
      </trkpt>
      <trkpt lat="18.86108173057437" lon="98.92357033677399">
        <ele>670.76</ele>
      </trkpt>
      <trkpt lat="18.86114182882011" lon="98.92366605810821">
        <ele>667.71</ele>
      </trkpt>
      <trkpt lat="18.861179882660508" lon="98.92377795651555">
        <ele>664.63</ele>
      </trkpt>
      <trkpt lat="18.861255822703242" lon="98.92387074418366">
        <ele>661.46</ele>
      </trkpt>
      <trkpt lat="18.861381383612752" lon="98.9238943811506">
        <ele>658.27</ele>
      </trkpt>
      <trkpt lat="18.861426981166005" lon="98.92388130538166">
        <ele>655.12</ele>
      </trkpt>
      <trkpt lat="18.86147953569889" lon="98.92392640002072">
        <ele>651.91</ele>
      </trkpt>
      <trkpt lat="18.86151666752994" lon="98.92393092624843">
        <ele>648.67</ele>
      </trkpt>
      <trkpt lat="18.86159973219037" lon="98.923977361992">
        <ele>645.26</ele>
      </trkpt>
      <trkpt lat="18.86169604025781" lon="98.92397652380168">
        <ele>641.82</ele>
      </trkpt>
      <trkpt lat="18.86178203858435" lon="98.92406076192856">
        <ele>638.33</ele>
      </trkpt>
      <trkpt lat="18.861835012212396" lon="98.92400736920536">
        <ele>634.96</ele>
      </trkpt>
      <trkpt lat="18.861860409379005" lon="98.92400812357664">
        <ele>631.61</ele>
      </trkpt>
      <trkpt lat="18.86192612349987" lon="98.92396822571754">
        <ele>628.17</ele>
      </trkpt>
      <trkpt lat="18.861945988610387" lon="98.92396210692823">
        <ele>624.82</ele>
      </trkpt>
      <trkpt lat="18.861986976116896" lon="98.92398373223841">
        <ele>621.41</ele>
      </trkpt>
      <trkpt lat="18.862013295292854" lon="98.9240119792521">
        <ele>618.01</ele>
      </trkpt>
      <trkpt lat="18.862035339698195" lon="98.9240947086364">
        <ele>614.62</ele>
      </trkpt>
      <trkpt lat="18.86207951232791" lon="98.9241710677743">
        <ele>611.21</ele>
      </trkpt>
      <trkpt lat="18.86213432997465" lon="98.9242281485349">
        <ele>607.8</ele>
      </trkpt>
      <trkpt lat="18.862207755446434" lon="98.92426871694624">
        <ele>604.38</ele>
      </trkpt>
      <trkpt lat="18.862240947782993" lon="98.92431054264307">
        <ele>601.05</ele>
      </trkpt>
      <trkpt lat="18.862260142341256" lon="98.92452059313655">
        <ele>597.72</ele>
      </trkpt>
      <trkpt lat="18.8623614795506" lon="98.92455697059631">
        <ele>594.34</ele>
      </trkpt>
      <trkpt lat="18.86253003962338" lon="98.92470382153988">
        <ele>590.79</ele>
      </trkpt>
      <trkpt lat="18.862599106505513" lon="98.92473936080933">
        <ele>587.54</ele>
      </trkpt>
      <trkpt lat="18.862896244972944" lon="98.92473206855357">
        <ele>584.01</ele>
      </trkpt>
      <trkpt lat="18.863005293533206" lon="98.92469585873187">
        <ele>580.88</ele>
      </trkpt>
      <trkpt lat="18.86309875175357" lon="98.92470608465374">
        <ele>577.74</ele>
      </trkpt>
      <trkpt lat="18.863120125606656" lon="98.92472435720265">
        <ele>574.84</ele>
      </trkpt>
      <trkpt lat="18.86320880614221" lon="98.92474623396993">
        <ele>571.91</ele>
      </trkpt>
      <trkpt lat="18.86324644088745" lon="98.92478001303971">
        <ele>569.17</ele>
      </trkpt>
      <trkpt lat="18.86329279281199" lon="98.9247614890337">
        <ele>566.5</ele>
      </trkpt>
      <trkpt lat="18.863368397578597" lon="98.92477238550782">
        <ele>563.88</ele>
      </trkpt>
      <trkpt lat="18.863392118364573" lon="98.92480557784438">
        <ele>561.42</ele>
      </trkpt>
      <trkpt lat="18.863447438925505" lon="98.92482980154455">
        <ele>559.01</ele>
      </trkpt>
      <trkpt lat="18.86352287605405" lon="98.92489333637059">
        <ele>556.66</ele>
      </trkpt>
      <trkpt lat="18.86374667286873" lon="98.92495796084404">
        <ele>554.25</ele>
      </trkpt>
      <trkpt lat="18.86382688768208" lon="98.92501437105238">
        <ele>552.12</ele>
      </trkpt>
      <trkpt lat="18.86401640251279" lon="98.92504932358861">
        <ele>550.03</ele>
      </trkpt>
      <trkpt lat="18.8640692923218" lon="98.92503364942968">
        <ele>548.14</ele>
      </trkpt>
      <trkpt lat="18.864143891260028" lon="98.92504848539829">
        <ele>546.33</ele>
      </trkpt>
      <trkpt lat="18.86428227648139" lon="98.92503121867776">
        <ele>544.58</ele>
      </trkpt>
      <trkpt lat="18.86438931338489" lon="98.92499517649412">
        <ele>542.92</ele>
      </trkpt>
      <trkpt lat="18.864493165165186" lon="98.92500154674053">
        <ele>541.33</ele>
      </trkpt>
      <trkpt lat="18.864653343334794" lon="98.92495485953987">
        <ele>539.75</ele>
      </trkpt>
      <trkpt lat="18.864845875650644" lon="98.92492501996458">
        <ele>538.25</ele>
      </trkpt>
      <trkpt lat="18.865040335804224" lon="98.92489501275122">
        <ele>536.74</ele>
      </trkpt>
      <trkpt lat="18.865206548944116" lon="98.9248114451766">
        <ele>535.27</ele>
      </trkpt>
      <trkpt lat="18.865233957767487" lon="98.92477900721133">
        <ele>533.86</ele>
      </trkpt>
      <trkpt lat="18.86531517840922" lon="98.9247511792928">
        <ele>532.46</ele>
      </trkpt>
      <trkpt lat="18.865565629675984" lon="98.9246182423085">
        <ele>530.98</ele>
      </trkpt>
      <trkpt lat="18.865603851154447" lon="98.92458245158195">
        <ele>529.6</ele>
      </trkpt>
      <trkpt lat="18.865695549175143" lon="98.92455386929214">
        <ele>528.19</ele>
      </trkpt>
      <trkpt lat="18.865757156163454" lon="98.92451170831919">
        <ele>526.78</ele>
      </trkpt>
      <trkpt lat="18.86584441177547" lon="98.92451028339565">
        <ele>525.38</ele>
      </trkpt>
      <trkpt lat="18.86605739593506" lon="98.92457440495491">
        <ele>523.89</ele>
      </trkpt>
      <trkpt lat="18.866259651258588" lon="98.9245992153883">
        <ele>522.35</ele>
      </trkpt>
      <trkpt lat="18.866390073671937" lon="98.92466417513788">
        <ele>520.87</ele>
      </trkpt>
      <trkpt lat="18.866431396454573" lon="98.92471924424171">
        <ele>519.5</ele>
      </trkpt>
      <trkpt lat="18.86651194654405" lon="98.92476324923337">
        <ele>518.06</ele>
      </trkpt>
      <trkpt lat="18.866654522717" lon="98.92480549402535">
        <ele>516.52</ele>
      </trkpt>
      <trkpt lat="18.866817886009812" lon="98.92488453537226">
        <ele>515.0</ele>
      </trkpt>
      <trkpt lat="18.867029109969735" lon="98.92492284066975">
        <ele>513.43</ele>
      </trkpt>
      <trkpt lat="18.86711820960045" lon="98.9249977748841">
        <ele>512.02</ele>
      </trkpt>
      <trkpt lat="18.867186103016138" lon="98.92503180541098">
        <ele>510.59</ele>
      </trkpt>
      <trkpt lat="18.86723706498742" lon="98.92503121867776">
        <ele>509.12</ele>
      </trkpt>
      <trkpt lat="18.86737276799977" lon="98.92507036216557">
        <ele>507.65</ele>
      </trkpt>
      <trkpt lat="18.867479134351015" lon="98.92513574101031">
        <ele>506.17</ele>
      </trkpt>
      <trkpt lat="18.86764015071094" lon="98.92526297830045">
        <ele>504.66</ele>
      </trkpt>
      <trkpt lat="18.867690106853843" lon="98.9253241661936">
        <ele>503.15</ele>
      </trkpt>
      <trkpt lat="18.86784383095801" lon="98.92543388530612">
        <ele>501.59</ele>
      </trkpt>
      <trkpt lat="18.867951119318604" lon="98.92556212842464">
        <ele>499.94</ele>
      </trkpt>
      <trkpt lat="18.868099143728614" lon="98.92563228495419">
        <ele>498.27</ele>
      </trkpt>
      <trkpt lat="18.868227554485202" lon="98.92566681839526">
        <ele>496.57</ele>
      </trkpt>
      <trkpt lat="18.868306847289205" lon="98.92572951503098">
        <ele>494.86</ele>
      </trkpt>
      <trkpt lat="18.86840919032693" lon="98.92573731020093">
        <ele>493.1</ele>
      </trkpt>
      <trkpt lat="18.86850541457534" lon="98.92576522193849">
        <ele>491.34</ele>
      </trkpt>
      <trkpt lat="18.86855428107083" lon="98.92581090331078">
        <ele>489.57</ele>
      </trkpt>
      <trkpt lat="18.868701048195362" lon="98.92586722970009">
        <ele>487.7</ele>
      </trkpt>
      <trkpt lat="18.868892742320895" lon="98.92583822831511">
        <ele>485.72</ele>
      </trkpt>
      <trkpt lat="18.868966000154614" lon="98.9258577581495">
        <ele>483.88</ele>
      </trkpt>
      <trkpt lat="18.86902693659067" lon="98.9259031880647">
        <ele>482.02</ele>
      </trkpt>
      <trkpt lat="18.869141517207026" lon="98.9259359613061">
        <ele>480.11</ele>
      </trkpt>
      <trkpt lat="18.86937964707613" lon="98.9259407389909">
        <ele>478.09</ele>
      </trkpt>
      <trkpt lat="18.869473105296493" lon="98.92597443424165">
        <ele>476.15</ele>
      </trkpt>
      <trkpt lat="18.869537226855755" lon="98.9260189421475">
        <ele>474.21</ele>
      </trkpt>
      <trkpt lat="18.869641330093145" lon="98.92605003900826">
        <ele>472.22</ele>
      </trkpt>
      <trkpt lat="18.86967678554356" lon="98.92605096101761">
        <ele>470.29</ele>
      </trkpt>
      <trkpt lat="18.86969966813922" lon="98.92601885832846">
        <ele>468.38</ele>
      </trkpt>
      <trkpt lat="18.869730848819017" lon="98.92600544728339">
        <ele>466.45</ele>
      </trkpt>
      <trkpt lat="18.869789941236377" lon="98.92600662074983">
        <ele>464.49</ele>
      </trkpt>
      <trkpt lat="18.87004466727376" lon="98.92605188302696">
        <ele>462.32</ele>
      </trkpt>
      <trkpt lat="18.870140304788947" lon="98.9260913617909">
        <ele>460.32</ele>
      </trkpt>
      <trkpt lat="18.870227560400963" lon="98.92623259685934">
        <ele>458.32</ele>
      </trkpt>
      <trkpt lat="18.87025044299662" lon="98.92623175866902">
        <ele>456.42</ele>
      </trkpt>
      <trkpt lat="18.870275504887104" lon="98.9263273961842">
        <ele>454.5</ele>
      </trkpt>
      <trkpt lat="18.870312720537186" lon="98.92634558491409">
        <ele>452.61</ele>
      </trkpt>
      <trkpt lat="18.870325880125165" lon="98.92637148499489">
        <ele>450.76</ele>
      </trkpt>
      <trkpt lat="18.870384637266397" lon="98.92658438533545">
        <ele>448.8</ele>
      </trkpt>
      <trkpt lat="18.870514640584588" lon="98.92668991349638">
        <ele>446.74</ele>
      </trkpt>
      <trkpt lat="18.870569374412298" lon="98.9266989659518">
        <ele>444.88</ele>
      </trkpt>
      <trkpt lat="18.87065201997757" lon="98.92674523405731">
        <ele>442.98</ele>
      </trkpt>
      <trkpt lat="18.87066970579326" lon="98.92690071836114">
        <ele>441.18</ele>
      </trkpt>
      <trkpt lat="18.87073801830411" lon="98.92708453349769">
        <ele>439.4</ele>
      </trkpt>
      <trkpt lat="18.87073013931513" lon="98.9271654188633">
        <ele>437.72</ele>
      </trkpt>
      <trkpt lat="18.87069351039827" lon="98.92727253958583">
        <ele>436.09</ele>
      </trkpt>
      <trkpt lat="18.8706935942173" lon="98.92736683599651">
        <ele>434.46</ele>
      </trkpt>
      <trkpt lat="18.870759811252356" lon="98.92744403332472">
        <ele>432.84</ele>
      </trkpt>
      <trkpt lat="18.870818400755525" lon="98.92756154760718">
        <ele>431.25</ele>
      </trkpt>
      <trkpt lat="18.87083776295185" lon="98.92763354815543">
        <ele>429.73</ele>
      </trkpt>
      <trkpt lat="18.87082250788808" lon="98.92775014042854">
        <ele>428.27</ele>
      </trkpt>
      <trkpt lat="18.870833488181233" lon="98.92779649235308">
        <ele>426.81</ele>
      </trkpt>
      <trkpt lat="18.870940608903766" lon="98.9279093965888">
        <ele>425.29</ele>
      </trkpt>
      <trkpt lat="18.871014788746834" lon="98.92795474268496">
        <ele>423.77</ele>
      </trkpt>
      <trkpt lat="18.871038760989904" lon="98.92795105464756">
        <ele>422.34</ele>
      </trkpt>
      <trkpt lat="18.871086621657014" lon="98.92797477543354">
        <ele>420.89</ele>
      </trkpt>
      <trkpt lat="18.871124256402254" lon="98.92801735550165">
        <ele>419.46</ele>
      </trkpt>
      <trkpt lat="18.87116608209908" lon="98.92803428694606">
        <ele>418.05</ele>
      </trkpt>
      <trkpt lat="18.871272699907422" lon="98.92814710736275">
        <ele>416.56</ele>
      </trkpt>
      <trkpt lat="18.871342269703746" lon="98.92819832079113">
        <ele>415.15</ele>
      </trkpt>
      <trkpt lat="18.871376970782876" lon="98.92825171351433">
        <ele>413.79</ele>
      </trkpt>
      <trkpt lat="18.87141242623329" lon="98.92834953032434">
        <ele>412.44</ele>
      </trkpt>
      <trkpt lat="18.871421813964844" lon="98.92846159636974">
        <ele>411.14</ele>
      </trkpt>
      <trkpt lat="18.871424747630954" lon="98.92862076871097">
        <ele>409.87</ele>
      </trkpt>
      <trkpt lat="18.871392980217934" lon="98.92879947088659">
        <ele>408.58</ele>
      </trkpt>
      <trkpt lat="18.87141670100391" lon="98.92889653332531">
        <ele>407.22</ele>
      </trkpt>
      <trkpt lat="18.871488282456994" lon="98.92903173342347">
        <ele>405.78</ele>
      </trkpt>
      <trkpt lat="18.871505968272686" lon="98.92914891242981">
        <ele>404.36</ele>
      </trkpt>
      <trkpt lat="18.871504040434957" lon="98.92935016192496">
        <ele>402.91</ele>
      </trkpt>
      <trkpt lat="18.871536729857326" lon="98.92946088686585">
        <ele>401.51</ele>
      </trkpt>
      <trkpt lat="18.8715363945812" lon="98.92954621464014">
        <ele>400.14</ele>
      </trkpt>
      <trkpt lat="18.871550895273685" lon="98.92958661541343">
        <ele>398.77</ele>
      </trkpt>
      <trkpt lat="18.871632618829608" lon="98.92964604310691">
        <ele>397.35</ele>
      </trkpt>
      <trkpt lat="18.871736470609903" lon="98.9296499826014">
        <ele>395.94</ele>
      </trkpt>
      <trkpt lat="18.87189748696983" lon="98.92970765009522">
        <ele>394.49</ele>
      </trkpt>
      <trkpt lat="18.871977031230927" lon="98.92979172058403">
        <ele>393.06</ele>
      </trkpt>
      <trkpt lat="18.872091276571155" lon="98.92978325486183">
        <ele>391.66</ele>
      </trkpt>
      <trkpt lat="18.872131928801537" lon="98.92983673140407">
        <ele>390.26</ele>
      </trkpt>
      <trkpt lat="18.872246257960796" lon="98.92989624291658">
        <ele>388.85</ele>
      </trkpt>
      <trkpt lat="18.872273080050945" lon="98.92992918379605">
        <ele>387.47</ele>
      </trkpt>
      <trkpt lat="18.872244162485003" lon="98.9301423355937">
        <ele>386.05</ele>
      </trkpt>
      <trkpt lat="18.872215328738093" lon="98.9303550682962">
        <ele>384.62</ele>
      </trkpt>
      <trkpt lat="18.87222002260387" lon="98.93055388703942">
        <ele>383.19</ele>
      </trkpt>
      <trkpt lat="18.872249275445938" lon="98.93070350401103">
        <ele>381.8</ele>
      </trkpt>
      <trkpt lat="18.872289592400193" lon="98.9307882450521">
        <ele>380.45</ele>
      </trkpt>
      <trkpt lat="18.872376009821892" lon="98.93087776377797">
        <ele>379.12</ele>
      </trkpt>
      <trkpt lat="18.872564351186156" lon="98.93114095553756">
        <ele>377.73</ele>
      </trkpt>
      <trkpt lat="18.87264909222722" lon="98.9313236810267">
        <ele>376.33</ele>
      </trkpt>
      <trkpt lat="18.87271262705326" lon="98.9314251858741">
        <ele>374.96</ele>
      </trkpt>
      <trkpt lat="18.87274296954274" lon="98.9315171353519">
        <ele>373.63</ele>
      </trkpt>
      <trkpt lat="18.872871045023203" lon="98.93171679228544">
        <ele>372.32</ele>
      </trkpt>
      <trkpt lat="18.872966766357422" lon="98.93196305260062">
        <ele>370.97</ele>
      </trkpt>
      <trkpt lat="18.873003646731377" lon="98.93202549777925">
        <ele>369.72</ele>
      </trkpt>
      <trkpt lat="18.873106744140387" lon="98.93216664902866">
        <ele>368.45</ele>
      </trkpt>
      <trkpt lat="18.873210176825523" lon="98.9323081355542">
        <ele>367.23</ele>
      </trkpt>
      <trkpt lat="18.873402290046215" lon="98.93248951993883">
        <ele>366.04</ele>
      </trkpt>
      <trkpt lat="18.873474542051554" lon="98.93252237699926">
        <ele>364.94</ele>
      </trkpt>
      <trkpt lat="18.873755503445864" lon="98.93255213275552">
        <ele>363.82</ele>
      </trkpt>
      <trkpt lat="18.87386966496706" lon="98.93262597732246">
        <ele>362.75</ele>
      </trkpt>
      <trkpt lat="18.873903695493937" lon="98.93269789405167">
        <ele>361.75</ele>
      </trkpt>
      <trkpt lat="18.87396102771163" lon="98.93293099477887">
        <ele>360.75</ele>
      </trkpt>
      <trkpt lat="18.874048870056868" lon="98.93318178132176">
        <ele>359.78</ele>
      </trkpt>
      <trkpt lat="18.874142412096262" lon="98.93333810381591">
        <ele>358.92</ele>
      </trkpt>
      <trkpt lat="18.87424534186721" lon="98.93345000222325">
        <ele>358.11</ele>
      </trkpt>
      <trkpt lat="18.874379117041826" lon="98.93355946987867">
        <ele>357.36</ele>
      </trkpt>
      <trkpt lat="18.874545581638813" lon="98.93366449512541">
        <ele>356.67</ele>
      </trkpt>
      <trkpt lat="18.874638034030795" lon="98.93371285870671">
        <ele>356.01</ele>
      </trkpt>
      <trkpt lat="18.87473543174565" lon="98.9337273593992">
        <ele>355.4</ele>
      </trkpt>
      <trkpt lat="18.87486602179706" lon="98.93380916677415">
        <ele>354.82</ele>
      </trkpt>
      <trkpt lat="18.875041119754314" lon="98.93394210375845">
        <ele>354.27</ele>
      </trkpt>
      <trkpt lat="18.875095350667834" lon="98.93401946872473">
        <ele>353.79</ele>
      </trkpt>
      <trkpt lat="18.8752300478518" lon="98.93412541598082">
        <ele>353.37</ele>
      </trkpt>
      <trkpt lat="18.875297103077173" lon="98.9341990929097">
        <ele>353.0</ele>
      </trkpt>
      <trkpt lat="18.87535175308585" lon="98.93427536822855">
        <ele>352.67</ele>
      </trkpt>
      <trkpt lat="18.8754665851593" lon="98.93449556082487">
        <ele>352.41</ele>
      </trkpt>
      <trkpt lat="18.875546883791685" lon="98.9346700720489">
        <ele>352.2</ele>
      </trkpt>
      <trkpt lat="18.87562718242407" lon="98.93484466709197">
        <ele>352.02</ele>
      </trkpt>
      <trkpt lat="18.875645706430078" lon="98.93489596433938">
        <ele>351.86</ele>
      </trkpt>
      <trkpt lat="18.875635312870145" lon="98.93491046503186">
        <ele>351.74</ele>
      </trkpt>
      <trkpt lat="18.87565568089485" lon="98.93492555245757">
        <ele>351.66</ele>
      </trkpt>
      <trkpt lat="18.875764226540923" lon="98.93519268371165">
        <ele>351.62</ele>
      </trkpt>
      <trkpt lat="18.875765902921557" lon="98.93519670702517">
        <ele>351.61</ele>
      </trkpt>
      <trkpt lat="18.87565568089485" lon="98.93492555245757">
        <ele>351.66</ele>
      </trkpt>
      <trkpt lat="18.875635312870145" lon="98.93491046503186">
        <ele>351.74</ele>
      </trkpt>
      <trkpt lat="18.875645706430078" lon="98.93489596433938">
        <ele>351.86</ele>
      </trkpt>
      <trkpt lat="18.87562718242407" lon="98.93484466709197">
        <ele>352.02</ele>
      </trkpt>
      <trkpt lat="18.875546799972653" lon="98.9346700720489">
        <ele>352.11</ele>
      </trkpt>
      <trkpt lat="18.8754665851593" lon="98.93449556082487">
        <ele>352.41</ele>
      </trkpt>
      <trkpt lat="18.875314369797707" lon="98.93422021530569">
        <ele>352.54</ele>
      </trkpt>
      <trkpt lat="18.8752300478518" lon="98.93412541598082">
        <ele>353.37</ele>
      </trkpt>
      <trkpt lat="18.875095350667834" lon="98.93401946872473">
        <ele>353.79</ele>
      </trkpt>
      <trkpt lat="18.875041119754314" lon="98.93394210375845">
        <ele>354.27</ele>
      </trkpt>
      <trkpt lat="18.87486602179706" lon="98.93380916677415">
        <ele>354.82</ele>
      </trkpt>
      <trkpt lat="18.87473543174565" lon="98.9337273593992">
        <ele>355.4</ele>
      </trkpt>
      <trkpt lat="18.874638034030795" lon="98.93371285870671">
        <ele>356.01</ele>
      </trkpt>
      <trkpt lat="18.874532422050834" lon="98.9336565323174">
        <ele>355.52</ele>
      </trkpt>
      <trkpt lat="18.87436805292964" lon="98.9335513394326">
        <ele>356.09</ele>
      </trkpt>
      <trkpt lat="18.874180633574724" lon="98.93338328227401">
        <ele>356.71</ele>
      </trkpt>
      <trkpt lat="18.874115757644176" lon="98.93329929560423">
        <ele>357.38</ele>
      </trkpt>
      <trkpt lat="18.874041996896267" lon="98.93316619098186">
        <ele>358.09</ele>
      </trkpt>
      <trkpt lat="18.87396102771163" lon="98.93293099477887">
        <ele>360.75</ele>
      </trkpt>
      <trkpt lat="18.873903695493937" lon="98.93269789405167">
        <ele>361.75</ele>
      </trkpt>
      <trkpt lat="18.87387888506055" lon="98.9326390530914">
        <ele>360.57</ele>
      </trkpt>
      <trkpt lat="18.873845944181085" lon="98.9326028432697">
        <ele>361.44</ele>
      </trkpt>
      <trkpt lat="18.873710660263896" lon="98.93254048191011">
        <ele>362.38</ele>
      </trkpt>
      <trkpt lat="18.87353891506791" lon="98.93253293819726">
        <ele>363.34</ele>
      </trkpt>
      <trkpt lat="18.873419892042875" lon="98.93249874003232">
        <ele>364.32</ele>
      </trkpt>
      <trkpt lat="18.873361386358738" lon="98.93245942890644">
        <ele>365.32</ele>
      </trkpt>
      <trkpt lat="18.873210176825523" lon="98.9323081355542">
        <ele>367.23</ele>
      </trkpt>
      <trkpt lat="18.873088555410504" lon="98.93213571980596">
        <ele>367.52</ele>
      </trkpt>
      <trkpt lat="18.872966766357422" lon="98.93196305260062">
        <ele>370.97</ele>
      </trkpt>
      <trkpt lat="18.872871045023203" lon="98.93171679228544">
        <ele>372.32</ele>
      </trkpt>
      <trkpt lat="18.87274296954274" lon="98.9315171353519">
        <ele>373.63</ele>
      </trkpt>
      <trkpt lat="18.87271262705326" lon="98.9314251858741">
        <ele>374.96</ele>
      </trkpt>
      <trkpt lat="18.872624952346087" lon="98.93125964328647">
        <ele>373.64</ele>
      </trkpt>
      <trkpt lat="18.872537361457944" lon="98.93109410069883">
        <ele>374.92</ele>
      </trkpt>
      <trkpt lat="18.872376009821892" lon="98.93087776377797">
        <ele>379.12</ele>
      </trkpt>
      <trkpt lat="18.872289592400193" lon="98.9307882450521">
        <ele>380.45</ele>
      </trkpt>
      <trkpt lat="18.872249275445938" lon="98.93070350401103">
        <ele>381.8</ele>
      </trkpt>
      <trkpt lat="18.87222002260387" lon="98.93055388703942">
        <ele>383.19</ele>
      </trkpt>
      <trkpt lat="18.87221558019519" lon="98.93042338080704">
        <ele>381.5</ele>
      </trkpt>
      <trkpt lat="18.87223477475345" lon="98.93040192313492">
        <ele>382.87</ele>
      </trkpt>
      <trkpt lat="18.872228236868978" lon="98.93033059313893">
        <ele>384.3</ele>
      </trkpt>
      <trkpt lat="18.872268050909042" lon="98.9302186947316">
        <ele>385.76</ele>
      </trkpt>
      <trkpt lat="18.87235731817782" lon="98.93016303889453">
        <ele>387.22</ele>
      </trkpt>
      <trkpt lat="18.87252780608833" lon="98.93010822124779">
        <ele>388.71</ele>
      </trkpt>
      <trkpt lat="18.87274095788598" lon="98.92998886294663">
        <ele>390.27</ele>
      </trkpt>
      <trkpt lat="18.872811952605844" lon="98.92989196814597">
        <ele>391.85</ele>
      </trkpt>
      <trkpt lat="18.872863333672285" lon="98.92970656044781">
        <ele>393.52</ele>
      </trkpt>
      <trkpt lat="18.872852437198162" lon="98.92959508113563">
        <ele>395.18</ele>
      </trkpt>
      <trkpt lat="18.87279418297112" lon="98.92949910834432">
        <ele>396.86</ele>
      </trkpt>
      <trkpt lat="18.87277700006962" lon="98.92941730096936">
        <ele>398.56</ele>
      </trkpt>
      <trkpt lat="18.872732743620872" lon="98.92931428737938">
        <ele>400.3</ele>
      </trkpt>
      <trkpt lat="18.87271547690034" lon="98.92915033735335">
        <ele>402.09</ele>
      </trkpt>
      <trkpt lat="18.872691253200173" lon="98.92905754968524">
        <ele>403.89</ele>
      </trkpt>
      <trkpt lat="18.872699551284313" lon="98.92893651500344">
        <ele>405.76</ele>
      </trkpt>
      <trkpt lat="18.87267834506929" lon="98.92874314449728">
        <ele>407.69</ele>
      </trkpt>
      <trkpt lat="18.872689912095666" lon="98.928655218333">
        <ele>409.58</ele>
      </trkpt>
      <trkpt lat="18.872664347290993" lon="98.92837358638644">
        <ele>411.6</ele>
      </trkpt>
      <trkpt lat="18.872660156339407" lon="98.92810461111367">
        <ele>413.6</ele>
      </trkpt>
      <trkpt lat="18.87261196039617" lon="98.92794862389565">
        <ele>415.54</ele>
      </trkpt>
      <trkpt lat="18.872549096122384" lon="98.92781384289265">
        <ele>417.49</ele>
      </trkpt>
      <trkpt lat="18.87252981774509" lon="98.92756523564458">
        <ele>419.55</ele>
      </trkpt>
      <trkpt lat="18.872510623186827" lon="98.92731721512973">
        <ele>421.65</ele>
      </trkpt>
      <trkpt lat="18.872464606538415" lon="98.9271738845855">
        <ele>423.75</ele>
      </trkpt>
      <trkpt lat="18.872414231300354" lon="98.92707657068968">
        <ele>425.78</ele>
      </trkpt>
      <trkpt lat="18.87237785384059" lon="98.92704379744828">
        <ele>427.73</ele>
      </trkpt>
      <trkpt lat="18.87228699401021" lon="98.9270079229027">
        <ele>429.69</ele>
      </trkpt>
      <trkpt lat="18.87216771952808" lon="98.92700029537082">
        <ele>431.62</ele>
      </trkpt>
      <trkpt lat="18.87194844894111" lon="98.9269508421421">
        <ele>433.54</ele>
      </trkpt>
      <trkpt lat="18.87188633903861" lon="98.92691957764328">
        <ele>435.43</ele>
      </trkpt>
      <trkpt lat="18.871725909411907" lon="98.92691547051072">
        <ele>437.27</ele>
      </trkpt>
      <trkpt lat="18.871688023209572" lon="98.9268995448947">
        <ele>439.16</ele>
      </trkpt>
      <trkpt lat="18.871665224432945" lon="98.92686987295747">
        <ele>441.08</ele>
      </trkpt>
      <trkpt lat="18.871675031259656" lon="98.92681178636849">
        <ele>443.03</ele>
      </trkpt>
      <trkpt lat="18.87181978672743" lon="98.92661355435848">
        <ele>445.08</ele>
      </trkpt>
      <trkpt lat="18.871861025691032" lon="98.92652604728937">
        <ele>447.08</ele>
      </trkpt>
      <trkpt lat="18.871934367343783" lon="98.92630275338888">
        <ele>449.2</ele>
      </trkpt>
      <trkpt lat="18.871973678469658" lon="98.92612002789974">
        <ele>451.31</ele>
      </trkpt>
      <trkpt lat="18.872068477794528" lon="98.92592615447938">
        <ele>453.44</ele>
      </trkpt>
      <trkpt lat="18.87210032902658" lon="98.92581752501428">
        <ele>455.55</ele>
      </trkpt>
      <trkpt lat="18.872109968215227" lon="98.9257472846657">
        <ele>457.64</ele>
      </trkpt>
      <trkpt lat="18.872090354561806" lon="98.92555416561663">
        <ele>459.8</ele>
      </trkpt>
      <trkpt lat="18.872037883847952" lon="98.9252985175699">
        <ele>462.02</ele>
      </trkpt>
      <trkpt lat="18.87198750860989" lon="98.92523783259094">
        <ele>464.14</ele>
      </trkpt>
      <trkpt lat="18.8718194514513" lon="98.92513020895422">
        <ele>466.28</ele>
      </trkpt>
      <trkpt lat="18.87171819806099" lon="98.92496994696558">
        <ele>468.59</ele>
      </trkpt>
      <trkpt lat="18.871590876951814" lon="98.92494396306574">
        <ele>470.82</ele>
      </trkpt>
      <trkpt lat="18.87149884365499" lon="98.92488009296358">
        <ele>473.11</ele>
      </trkpt>
      <trkpt lat="18.87137034907937" lon="98.92490481957793">
        <ele>475.34</ele>
      </trkpt>
      <trkpt lat="18.871242189779878" lon="98.92496516928077">
        <ele>477.56</ele>
      </trkpt>
      <trkpt lat="18.87099307961762" lon="98.92497279681265">
        <ele>479.81</ele>
      </trkpt>
      <trkpt lat="18.87092661112547" lon="98.92493440769613">
        <ele>482.09</ele>
      </trkpt>
      <trkpt lat="18.87089886702597" lon="98.92490029335022">
        <ele>484.4</ele>
      </trkpt>
      <trkpt lat="18.870828123763204" lon="98.92474455758929">
        <ele>486.86</ele>
      </trkpt>
      <trkpt lat="18.870813539251685" lon="98.9246356766671">
        <ele>489.3</ele>
      </trkpt>
      <trkpt lat="18.870791411027312" lon="98.92465319484472">
        <ele>491.64</ele>
      </trkpt>
      <trkpt lat="18.870842875912786" lon="98.92436276189983">
        <ele>494.29</ele>
      </trkpt>
      <trkpt lat="18.870853688567877" lon="98.92418556846678">
        <ele>496.83</ele>
      </trkpt>
      <trkpt lat="18.870864585042" lon="98.92400887794793">
        <ele>499.39</ele>
      </trkpt>
      <trkpt lat="18.870926946401596" lon="98.9239654596895">
        <ele>501.86</ele>
      </trkpt>
      <trkpt lat="18.87102040462196" lon="98.92382623627782">
        <ele>504.37</ele>
      </trkpt>
      <trkpt lat="18.871114030480385" lon="98.92368684522808">
        <ele>506.95</ele>
      </trkpt>
      <trkpt lat="18.87120463885367" lon="98.92361274920404">
        <ele>509.5</ele>
      </trkpt>
      <trkpt lat="18.871344029903412" lon="98.92346321605146">
        <ele>512.14</ele>
      </trkpt>
      <trkpt lat="18.871399518102407" lon="98.92330731265247">
        <ele>514.82</ele>
      </trkpt>
      <trkpt lat="18.87139616534114" lon="98.92305443063378">
        <ele>517.56</ele>
      </trkpt>
      <trkpt lat="18.871368588879704" lon="98.9229582902044">
        <ele>520.09</ele>
      </trkpt>
      <trkpt lat="18.871211176738143" lon="98.92274782061577">
        <ele>522.75</ele>
      </trkpt>
      <trkpt lat="18.871023757383227" lon="98.9225409552455">
        <ele>525.32</ele>
      </trkpt>
      <trkpt lat="18.87089149095118" lon="98.92225345596671">
        <ele>527.88</ele>
      </trkpt>
      <trkpt lat="18.870877157896757" lon="98.92213057726622">
        <ele>530.41</ele>
      </trkpt>
      <trkpt lat="18.870925856754184" lon="98.92201658338308">
        <ele>532.91</ele>
      </trkpt>
      <trkpt lat="18.871055776253343" lon="98.92188297584653">
        <ele>535.41</ele>
      </trkpt>
      <trkpt lat="18.871186198666692" lon="98.92174886539578">
        <ele>537.94</ele>
      </trkpt>
      <trkpt lat="18.8712047226727" lon="98.92170083709061">
        <ele>540.34</ele>
      </trkpt>
      <trkpt lat="18.87131947092712" lon="98.92159178853035">
        <ele>542.79</ele>
      </trkpt>
      <trkpt lat="18.871370684355497" lon="98.9214714244008">
        <ele>545.19</ele>
      </trkpt>
      <trkpt lat="18.87131896801293" lon="98.92136891372502">
        <ele>547.57</ele>
      </trkpt>
      <trkpt lat="18.871215283870697" lon="98.92128266394138">
        <ele>549.91</ele>
      </trkpt>
      <trkpt lat="18.8711079955101" lon="98.92116095870733">
        <ele>552.29</ele>
      </trkpt>
      <trkpt lat="18.87106499634683" lon="98.92105291597545">
        <ele>554.59</ele>
      </trkpt>
      <trkpt lat="18.87104345485568" lon="98.92094043083489">
        <ele>556.85</ele>
      </trkpt>
      <trkpt lat="18.871001545339823" lon="98.92084873281419">
        <ele>559.03</ele>
      </trkpt>
      <trkpt lat="18.870840026065707" lon="98.92065754160285">
        <ele>561.27</ele>
      </trkpt>
      <trkpt lat="18.870777329429984" lon="98.92060238867998">
        <ele>563.34</ele>
      </trkpt>
      <trkpt lat="18.870669957250357" lon="98.92045771703124">
        <ele>565.41</ele>
      </trkpt>
      <trkpt lat="18.870562501251698" lon="98.9203127939254">
        <ele>567.41</ele>
      </trkpt>
      <trkpt lat="18.87044004164636" lon="98.92010391689837">
        <ele>569.39</ele>
      </trkpt>
      <trkpt lat="18.8704242836684" lon="98.92002403736115">
        <ele>571.29</ele>
      </trkpt>
      <trkpt lat="18.870353708043694" lon="98.91985681839287">
        <ele>573.17</ele>
      </trkpt>
      <trkpt lat="18.870389750227332" lon="98.91964919865131">
        <ele>574.99</ele>
      </trkpt>
      <trkpt lat="18.870457224547863" lon="98.91955087892711">
        <ele>576.79</ele>
      </trkpt>
      <trkpt lat="18.870503241196275" lon="98.91942825168371">
        <ele>578.57</ele>
      </trkpt>
      <trkpt lat="18.87056015431881" lon="98.91935868188739">
        <ele>580.34</ele>
      </trkpt>
      <trkpt lat="18.870626958087087" lon="98.91931794583797">
        <ele>582.08</ele>
      </trkpt>
      <trkpt lat="18.870782358571887" lon="98.91928123310208">
        <ele>583.83</ele>
      </trkpt>
      <trkpt lat="18.87098629027605" lon="98.91933470964432">
        <ele>585.5</ele>
      </trkpt>
      <trkpt lat="18.871085615828633" lon="98.91932708211243">
        <ele>587.18</ele>
      </trkpt>
      <trkpt lat="18.871144205331802" lon="98.9192990027368">
        <ele>588.86</ele>
      </trkpt>
      <trkpt lat="18.871250739321113" lon="98.91920294612646">
        <ele>590.64</ele>
      </trkpt>
      <trkpt lat="18.871330367401242" lon="98.91907126642764">
        <ele>592.48</ele>
      </trkpt>
      <trkpt lat="18.871371187269688" lon="98.91895760782063">
        <ele>594.24</ele>
      </trkpt>
      <trkpt lat="18.871388789266348" lon="98.91886758618057">
        <ele>595.91</ele>
      </trkpt>
      <trkpt lat="18.871383676305413" lon="98.91872509382665">
        <ele>597.57</ele>
      </trkpt>
      <trkpt lat="18.871448133140802" lon="98.91857363283634">
        <ele>599.24</ele>
      </trkpt>
      <trkpt lat="18.87143824249506" lon="98.91853239387274">
        <ele>600.84</ele>
      </trkpt>
      <trkpt lat="18.871351908892393" lon="98.91837707720697">
        <ele>602.48</ele>
      </trkpt>
      <trkpt lat="18.871265659108758" lon="98.91822167672217">
        <ele>604.16</ele>
      </trkpt>
      <trkpt lat="18.871148396283388" lon="98.91809578053653">
        <ele>605.8</ele>
      </trkpt>
      <trkpt lat="18.8710873760283" lon="98.91800156794488">
        <ele>607.41</ele>
      </trkpt>
      <trkpt lat="18.87104689143598" lon="98.91782328486443">
        <ele>609.09</ele>
      </trkpt>
      <trkpt lat="18.871006490662694" lon="98.91764542087913">
        <ele>610.82</ele>
      </trkpt>
      <trkpt lat="18.870930215343833" lon="98.91750535927713">
        <ele>612.53</ele>
      </trkpt>
      <trkpt lat="18.87085528112948" lon="98.91744626685977">
        <ele>614.12</ele>
      </trkpt>
      <trkpt lat="18.87068814598024" lon="98.9173963945359">
        <ele>615.67</ele>
      </trkpt>
      <trkpt lat="18.87061832472682" lon="98.91739438287914">
        <ele>617.2</ele>
      </trkpt>
      <trkpt lat="18.87057524174452" lon="98.9173723384738">
        <ele>618.76</ele>
      </trkpt>
      <trkpt lat="18.87053911574185" lon="98.9172927942127">
        <ele>620.37</ele>
      </trkpt>
      <trkpt lat="18.870556382462382" lon="98.91719187609851">
        <ele>622.01</ele>
      </trkpt>
      <trkpt lat="18.870581444352865" lon="98.9171566721052">
        <ele>623.61</ele>
      </trkpt>
      <trkpt lat="18.870653193444014" lon="98.91711023636162">
        <ele>625.25</ele>
      </trkpt>
      <trkpt lat="18.870854526758194" lon="98.91703094355762">
        <ele>626.89</ele>
      </trkpt>
      <trkpt lat="18.87090272270143" lon="98.91695726662874">
        <ele>628.46</ele>
      </trkpt>
      <trkpt lat="18.871001126244664" lon="98.91686347313225">
        <ele>630.06</ele>
      </trkpt>
      <trkpt lat="18.8711304590106" lon="98.9167898800224">
        <ele>631.66</ele>
      </trkpt>
      <trkpt lat="18.871148144826293" lon="98.91673380509019">
        <ele>633.22</ele>
      </trkpt>
      <trkpt lat="18.871206399053335" lon="98.91667890362442">
        <ele>634.84</ele>
      </trkpt>
      <trkpt lat="18.871319722384214" lon="98.91640967689455">
        <ele>636.59</ele>
      </trkpt>
      <trkpt lat="18.87142214924097" lon="98.91626886092126">
        <ele>638.25</ele>
      </trkpt>
      <trkpt lat="18.871453162282705" lon="98.91617028973997">
        <ele>639.84</ele>
      </trkpt>
      <trkpt lat="18.871581153944135" lon="98.9159216824919">
        <ele>641.58</ele>
      </trkpt>
      <trkpt lat="18.87169430963695" lon="98.91575278714299">
        <ele>643.3</ele>
      </trkpt>
      <trkpt lat="18.871758934110403" lon="98.91556561924517">
        <ele>644.97</ele>
      </trkpt>
      <trkpt lat="18.871810315176845" lon="98.91551122069359">
        <ele>646.47</ele>
      </trkpt>
      <trkpt lat="18.87189111672342" lon="98.91535540111363">
        <ele>648.02</ele>
      </trkpt>
      <trkpt lat="18.871975941583514" lon="98.91529873944819">
        <ele>649.45</ele>
      </trkpt>
      <trkpt lat="18.872036961838603" lon="98.91523470170796">
        <ele>650.84</ele>
      </trkpt>
      <trkpt lat="18.87212136760354" lon="98.91519027762115">
        <ele>652.17</ele>
      </trkpt>
      <trkpt lat="18.872320856899023" lon="98.91512154601514">
        <ele>653.32</ele>
      </trkpt>
      <trkpt lat="18.87252210639417" lon="98.91505231149495">
        <ele>654.57</ele>
      </trkpt>
      <trkpt lat="18.872569212689996" lon="98.91501668840647">
        <ele>655.92</ele>
      </trkpt>
      <trkpt lat="18.8725811149925" lon="98.91498265787959">
        <ele>657.28</ele>
      </trkpt>
      <trkpt lat="18.872643057256937" lon="98.91490772366524">
        <ele>658.71</ele>
      </trkpt>
      <trkpt lat="18.872674237936735" lon="98.9148920495063">
        <ele>660.05</ele>
      </trkpt>
      <trkpt lat="18.872753279283643" lon="98.91490512527525">
        <ele>661.36</ele>
      </trkpt>
      <trkpt lat="18.872859477996826" lon="98.91502406448126">
        <ele>662.59</ele>
      </trkpt>
      <trkpt lat="18.87294572778046" lon="98.91507326625288">
        <ele>663.9</ele>
      </trkpt>
      <trkpt lat="18.873029462993145" lon="98.91507687047124">
        <ele>665.25</ele>
      </trkpt>
      <trkpt lat="18.87317631393671" lon="98.91495793126523">
        <ele>666.68</ele>
      </trkpt>
      <trkpt lat="18.873324003070593" lon="98.91483840532601">
        <ele>668.08</ele>
      </trkpt>
      <trkpt lat="18.87340052984655" lon="98.91475265845656">
        <ele>669.45</ele>
      </trkpt>
      <trkpt lat="18.873522486537695" lon="98.91452232375741">
        <ele>670.92</ele>
      </trkpt>
      <trkpt lat="18.87367512099445" lon="98.91438787803054">
        <ele>672.34</ele>
      </trkpt>
      <trkpt lat="18.873798167333007" lon="98.91434915363789">
        <ele>673.61</ele>
      </trkpt>
      <trkpt lat="18.87396102771163" lon="98.91413264907897">
        <ele>675.03</ele>
      </trkpt>
      <trkpt lat="18.873914256691933" lon="98.91406098380685">
        <ele>676.32</ele>
      </trkpt>
      <trkpt lat="18.87390377931297" lon="98.91392452642322">
        <ele>677.66</ele>
      </trkpt>
      <trkpt lat="18.873889949172735" lon="98.91389233991504">
        <ele>678.88</ele>
      </trkpt>
      <trkpt lat="18.87390051037073" lon="98.91384959220886">
        <ele>680.08</ele>
      </trkpt>
      <trkpt lat="18.873869832605124" lon="98.91369637101889">
        <ele>681.35</ele>
      </trkpt>
      <trkpt lat="18.873796658590436" lon="98.91351071186364">
        <ele>682.58</ele>
      </trkpt>
      <trkpt lat="18.87357554398477" lon="98.91333955340087">
        <ele>683.69</ele>
      </trkpt>
      <trkpt lat="18.87342064641416" lon="98.91325808130205">
        <ele>684.74</ele>
      </trkpt>
      <trkpt lat="18.873376306146383" lon="98.9132481906563">
        <ele>685.78</ele>
      </trkpt>
      <trkpt lat="18.87327102944255" lon="98.91318365000188">
        <ele>686.78</ele>
      </trkpt>
      <trkpt lat="18.873206321150064" lon="98.91319395974278">
        <ele>687.8</ele>
      </trkpt>
      <trkpt lat="18.873105235397816" lon="98.91326126642525">
        <ele>688.85</ele>
      </trkpt>
      <trkpt lat="18.873010938987136" lon="98.91328523866832">
        <ele>689.86</ele>
      </trkpt>
      <trkpt lat="18.87286107055843" lon="98.91335103660822">
        <ele>690.96</ele>
      </trkpt>
      <trkpt lat="18.872710028663278" lon="98.91341750510037">
        <ele>691.97</ele>
      </trkpt>
      <trkpt lat="18.8726051710546" lon="98.91342060640454">
        <ele>692.93</ele>
      </trkpt>
      <trkpt lat="18.872442478314042" lon="98.91345262527466">
        <ele>694.01</ele>
      </trkpt>
      <trkpt lat="18.872278444468975" lon="98.91348506323993">
        <ele>695.08</ele>
      </trkpt>
      <trkpt lat="18.87219806201756" lon="98.91347978264093">
        <ele>696.12</ele>
      </trkpt>
      <trkpt lat="18.872086415067315" lon="98.91343837603927">
        <ele>697.14</ele>
      </trkpt>
      <trkpt lat="18.871918693184853" lon="98.91346343792975">
        <ele>698.24</ele>
      </trkpt>
      <trkpt lat="18.871696572750807" lon="98.91344818286598">
        <ele>699.35</ele>
      </trkpt>
      <trkpt lat="18.87160822749138" lon="98.91340593807399">
        <ele>700.37</ele>
      </trkpt>
      <trkpt lat="18.87139381840825" lon="98.91334139741957">
        <ele>701.45</ele>
      </trkpt>
      <trkpt lat="18.871296336874366" lon="98.91332203522325">
        <ele>702.54</ele>
      </trkpt>
      <trkpt lat="18.871178571134806" lon="98.9133295789361">
        <ele>703.68</ele>
      </trkpt>
      <trkpt lat="18.871099781244993" lon="98.91329186037183">
        <ele>704.75</ele>
      </trkpt>
      <trkpt lat="18.870970029383898" lon="98.91327098943293">
        <ele>705.87</ele>
      </trkpt>
      <trkpt lat="18.87083290144801" lon="98.91329010017216">
        <ele>706.95</ele>
      </trkpt>
      <trkpt lat="18.870679009705782" lon="98.91328691504896">
        <ele>708.0</ele>
      </trkpt>
      <trkpt lat="18.87064573355019" lon="98.91331482678652">
        <ele>709.09</ele>
      </trkpt>
      <trkpt lat="18.870566273108125" lon="98.91332446597517">
        <ele>710.14</ele>
      </trkpt>
      <trkpt lat="18.870332585647702" lon="98.91340401023626">
        <ele>711.22</ele>
      </trkpt>
      <trkpt lat="18.87009697034955" lon="98.91348430886865">
        <ele>712.43</ele>
      </trkpt>
      <trkpt lat="18.869966128841043" lon="98.9134939480573">
        <ele>713.59</ele>
      </trkpt>
      <trkpt lat="18.869831766933203" lon="98.91352454200387">
        <ele>714.77</ele>
      </trkpt>
      <trkpt lat="18.869645772501826" lon="98.91347844153643">
        <ele>715.96</ele>
      </trkpt>
      <trkpt lat="18.869508560746908" lon="98.91349042765796">
        <ele>717.1</ele>
      </trkpt>
      <trkpt lat="18.869437063112855" lon="98.91346016898751">
        <ele>718.16</ele>
      </trkpt>
      <trkpt lat="18.869181582704186" lon="98.91340920701623">
        <ele>719.21</ele>
      </trkpt>
      <trkpt lat="18.86903028935194" lon="98.91335262916982">
        <ele>720.27</ele>
      </trkpt>
      <trkpt lat="18.86892325244844" lon="98.91335128806531">
        <ele>721.38</ele>
      </trkpt>
      <trkpt lat="18.868738431483507" lon="98.91329613514245">
        <ele>722.58</ele>
      </trkpt>
      <trkpt lat="18.868461325764656" lon="98.91330007463694">
        <ele>723.87</ele>
      </trkpt>
      <trkpt lat="18.86833350174129" lon="98.91328054480255">
        <ele>725.06</ele>
      </trkpt>
      <trkpt lat="18.86810878291726" lon="98.91336293891072">
        <ele>726.24</ele>
      </trkpt>
      <trkpt lat="18.86796461418271" lon="98.91337735578418">
        <ele>727.38</ele>
      </trkpt>
      <trkpt lat="18.867780715227127" lon="98.91334718093276">
        <ele>728.51</ele>
      </trkpt>
      <trkpt lat="18.867593547329307" lon="98.91324777156115">
        <ele>729.69</ele>
      </trkpt>
      <trkpt lat="18.86742557398975" lon="98.91318549402058">
        <ele>730.88</ele>
      </trkpt>
      <trkpt lat="18.867312166839838" lon="98.9131226297468">
        <ele>732.06</ele>
      </trkpt>
      <trkpt lat="18.867231868207455" lon="98.91304476186633">
        <ele>733.23</ele>
      </trkpt>
      <trkpt lat="18.86722675524652" lon="98.91301609575748">
        <ele>734.45</ele>
      </trkpt>
      <trkpt lat="18.867189371958375" lon="98.91297678463161">
        <ele>735.69</ele>
      </trkpt>
      <trkpt lat="18.86713438667357" lon="98.91281484626234">
        <ele>736.96</ele>
      </trkpt>
      <trkpt lat="18.867097003385425" lon="98.91264201141894">
        <ele>738.31</ele>
      </trkpt>
      <trkpt lat="18.867045287042856" lon="98.91257143579423">
        <ele>739.72</ele>
      </trkpt>
      <trkpt lat="18.867024164646864" lon="98.91243631951511">
        <ele>741.3</ele>
      </trkpt>
      <trkpt lat="18.866949565708637" lon="98.91233062371612">
        <ele>742.87</ele>
      </trkpt>
      <trkpt lat="18.86700547300279" lon="98.9122156240046">
        <ele>744.57</ele>
      </trkpt>
      <trkpt lat="18.867160622030497" lon="98.91204379498959">
        <ele>746.5</ele>
      </trkpt>
      <trkpt lat="18.867362877354026" lon="98.91199526377022">
        <ele>748.05</ele>
      </trkpt>
      <trkpt lat="18.867562785744667" lon="98.9118926692754">
        <ele>749.62</ele>
      </trkpt>
      <trkpt lat="18.86770175769925" lon="98.91187607310712">
        <ele>751.07</ele>
      </trkpt>
      <trkpt lat="18.867813991382718" lon="98.9118189085275">
        <ele>752.56</ele>
      </trkpt>
      <trkpt lat="18.867896972224116" lon="98.91179661266506">
        <ele>754.05</ele>
      </trkpt>
      <trkpt lat="18.867930248379707" lon="98.91176702454686">
        <ele>755.6</ele>
      </trkpt>
      <trkpt lat="18.867939468473196" lon="98.91174447722733">
        <ele>757.18</ele>
      </trkpt>
      <trkpt lat="18.867929996922612" lon="98.91173265874386">
        <ele>758.79</ele>
      </trkpt>
      <trkpt lat="18.867969727143645" lon="98.91166702844203">
        <ele>760.44</ele>
      </trkpt>
      <trkpt lat="18.86797777377069" lon="98.91160173341632">
        <ele>762.14</ele>
      </trkpt>
      <trkpt lat="18.868012642487884" lon="98.91154708340764">
        <ele>763.83</ele>
      </trkpt>
      <trkpt lat="18.868053797632456" lon="98.91141992993653">
        <ele>765.57</ele>
      </trkpt>
      <trkpt lat="18.868028400465846" lon="98.91121541149914">
        <ele>767.39</ele>
      </trkpt>
      <trkpt lat="18.867987664416432" lon="98.9111310057342">
        <ele>769.23</ele>
      </trkpt>
      <trkpt lat="18.86793376877904" lon="98.91110049560666">
        <ele>771.13</ele>
      </trkpt>
      <trkpt lat="18.867777194827795" lon="98.9110606815666">
        <ele>773.16</ele>
      </trkpt>
      <trkpt lat="18.867693040519953" lon="98.91102036461234">
        <ele>775.17</ele>
      </trkpt>
      <trkpt lat="18.86757954955101" lon="98.91100754030049">
        <ele>777.24</ele>
      </trkpt>
      <trkpt lat="18.86747008189559" lon="98.91097459942102">
        <ele>779.29</ele>
      </trkpt>
      <trkpt lat="18.867389280349016" lon="98.91093101352453">
        <ele>781.39</ele>
      </trkpt>
      <trkpt lat="18.86728383600712" lon="98.91084015369415">
        <ele>783.55</ele>
      </trkpt>
      <trkpt lat="18.86721837334335" lon="98.91081844456494">
        <ele>785.75</ele>
      </trkpt>
      <trkpt lat="18.867081496864557" lon="98.91090427525342">
        <ele>787.99</ele>
      </trkpt>
      <trkpt lat="18.866834985092282" lon="98.91102472320199">
        <ele>790.5</ele>
      </trkpt>
      <trkpt lat="18.866604398936033" lon="98.91118255443871">
        <ele>793.03</ele>
      </trkpt>
      <trkpt lat="18.86651085689664" lon="98.9112139865756">
        <ele>795.48</ele>
      </trkpt>
      <trkpt lat="18.866400634869933" lon="98.91122220084071">
        <ele>797.99</ele>
      </trkpt>
      <trkpt lat="18.866112297400832" lon="98.91111466102302">
        <ele>800.62</ele>
      </trkpt>
      <trkpt lat="18.86591867543757" lon="98.91100125387311">
        <ele>803.15</ele>
      </trkpt>
      <trkpt lat="18.865728909149766" lon="98.91091575846076">
        <ele>805.83</ele>
      </trkpt>
      <trkpt lat="18.865530844777822" lon="98.91087535768747">
        <ele>808.57</ele>
      </trkpt>
      <trkpt lat="18.865464963018894" lon="98.91083671711385">
        <ele>811.16</ele>
      </trkpt>
      <trkpt lat="18.865269664674997" lon="98.91082171350718">
        <ele>813.97</ele>
      </trkpt>
      <trkpt lat="18.86506120674312" lon="98.91084015369415">
        <ele>816.85</ele>
      </trkpt>
      <trkpt lat="18.86488384567201" lon="98.910958673805">
        <ele>819.72</ele>
      </trkpt>
      <trkpt lat="18.864842103794217" lon="98.91104031354189">
        <ele>822.36</ele>
      </trkpt>
      <trkpt lat="18.864837493747473" lon="98.91120887361467">
        <ele>825.0</ele>
      </trkpt>
      <trkpt lat="18.86481042020023" lon="98.9112673792988">
        <ele>827.61</ele>
      </trkpt>
      <trkpt lat="18.86479583568871" lon="98.91135287471116">
        <ele>830.21</ele>
      </trkpt>
      <trkpt lat="18.864763816818595" lon="98.911415906623">
        <ele>832.79</ele>
      </trkpt>
      <trkpt lat="18.86473230086267" lon="98.9114439021796">
        <ele>835.36</ele>
      </trkpt>
      <trkpt lat="18.864661641418934" lon="98.9116426371038">
        <ele>838.01</ele>
      </trkpt>
      <trkpt lat="18.864584108814597" lon="98.91174045391381">
        <ele>840.63</ele>
      </trkpt>
      <trkpt lat="18.864568853750825" lon="98.91180776059628">
        <ele>843.11</ele>
      </trkpt>
      <trkpt lat="18.864509761333466" lon="98.91189627349377">
        <ele>845.62</ele>
      </trkpt>
      <trkpt lat="18.864417895674706" lon="98.91195067204535">
        <ele>848.17</ele>
      </trkpt>
      <trkpt lat="18.864260399714112" lon="98.91196676529944">
        <ele>850.78</ele>
      </trkpt>
      <trkpt lat="18.864102819934487" lon="98.91201848164201">
        <ele>853.28</ele>
      </trkpt>
      <trkpt lat="18.86390307918191" lon="98.91212015412748">
        <ele>855.77</ele>
      </trkpt>
      <trkpt lat="18.863865276798606" lon="98.91211110167205">
        <ele>858.2</ele>
      </trkpt>
      <trkpt lat="18.863833844661713" lon="98.91208310611546">
        <ele>860.63</ele>
      </trkpt>
      <trkpt lat="18.863785481080413" lon="98.91208402812481">
        <ele>863.06</ele>
      </trkpt>
      <trkpt lat="18.863710463047028" lon="98.91203482635319">
        <ele>865.56</ele>
      </trkpt>
      <trkpt lat="18.86367240920663" lon="98.91197321936488">
        <ele>868.01</ele>
      </trkpt>
      <trkpt lat="18.863750780001283" lon="98.91183231957257">
        <ele>870.42</ele>
      </trkpt>
      <trkpt lat="18.863862678408623" lon="98.91174187883735">
        <ele>872.73</ele>
      </trkpt>
      <trkpt lat="18.86394171975553" lon="98.91164632514119">
        <ele>875.05</ele>
      </trkpt>
      <trkpt lat="18.863934678956866" lon="98.9115406293422">
        <ele>877.5</ele>
      </trkpt>
      <trkpt lat="18.863890673965216" lon="98.91145748086274">
        <ele>879.99</ele>
      </trkpt>
      <trkpt lat="18.863845830783248" lon="98.9114285632968">
        <ele>882.52</ele>
      </trkpt>
      <trkpt lat="18.863731920719147" lon="98.91140249557793">
        <ele>885.15</ele>
      </trkpt>
      <trkpt lat="18.863592529669404" lon="98.91146946698427">
        <ele>887.86</ele>
      </trkpt>
      <trkpt lat="18.863426316529512" lon="98.91150902956724">
        <ele>890.6</ele>
      </trkpt>
      <trkpt lat="18.86327577754855" lon="98.91157172620296">
        <ele>893.41</ele>
      </trkpt>
      <trkpt lat="18.863187599927187" lon="98.91158429905772">
        <ele>896.16</ele>
      </trkpt>
      <trkpt lat="18.86310763657093" lon="98.91156166791916">
        <ele>898.91</ele>
      </trkpt>
      <trkpt lat="18.86291367933154" lon="98.91162947751582">
        <ele>901.76</ele>
      </trkpt>
      <trkpt lat="18.862715614959598" lon="98.91165403649211">
        <ele>904.61</ele>
      </trkpt>
      <trkpt lat="18.86249978095293" lon="98.91158790327609">
        <ele>907.46</ele>
      </trkpt>
      <trkpt lat="18.862427528947592" lon="98.91157943755388">
        <ele>910.28</ele>
      </trkpt>
      <trkpt lat="18.86234295554459" lon="98.91152864322066">
        <ele>913.13</ele>
      </trkpt>
      <trkpt lat="18.86209770105779" lon="98.91144834458828">
        <ele>916.14</ele>
      </trkpt>
      <trkpt lat="18.86192469857633" lon="98.91144256107509">
        <ele>919.16</ele>
      </trkpt>
      <trkpt lat="18.86181808076799" lon="98.91141548752785">
        <ele>922.1</ele>
      </trkpt>
      <trkpt lat="18.861657567322254" lon="98.91141163185239">
        <ele>925.17</ele>
      </trkpt>
      <trkpt lat="18.8614755962044" lon="98.91143853776157">
        <ele>928.23</ele>
      </trkpt>
      <trkpt lat="18.86129194870591" lon="98.91146577894688">
        <ele>931.14</ele>
      </trkpt>
      <trkpt lat="18.861242244020104" lon="98.91145781613886">
        <ele>933.81</ele>
      </trkpt>
      <trkpt lat="18.861154234036803" lon="98.91147759743035">
        <ele>936.37</ele>
      </trkpt>
      <trkpt lat="18.861058931797743" lon="98.9114729873836">
        <ele>938.82</ele>
      </trkpt>
      <trkpt lat="18.860971927642822" lon="98.91150659881532">
        <ele>941.14</ele>
      </trkpt>
      <trkpt lat="18.860884252935648" lon="98.91151648946106">
        <ele>943.38</ele>
      </trkpt>
      <trkpt lat="18.860764307901263" lon="98.91149469651282">
        <ele>945.56</ele>
      </trkpt>
      <trkpt lat="18.86064486578107" lon="98.9114367775619">
        <ele>947.67</ele>
      </trkpt>
      <trkpt lat="18.860440347343683" lon="98.91138154082">
        <ele>949.81</ele>
      </trkpt>
      <trkpt lat="18.86034009978175" lon="98.91134122386575">
        <ele>951.74</ele>
      </trkpt>
      <trkpt lat="18.860334483906627" lon="98.91132714226842">
        <ele>953.42</ele>
      </trkpt>
      <trkpt lat="18.860290059819818" lon="98.91132580116391">
        <ele>954.97</ele>
      </trkpt>
      <trkpt lat="18.8601993676275" lon="98.91137743368745">
        <ele>956.37</ele>
      </trkpt>
      <trkpt lat="18.86020313948393" lon="98.91140626743436">
        <ele>957.57</ele>
      </trkpt>
      <trkpt lat="18.860180508345366" lon="98.91144474036992">
        <ele>958.65</ele>
      </trkpt>
      <trkpt lat="18.860176485031843" lon="98.9115578122437">
        <ele>959.51</ele>
      </trkpt>
      <trkpt lat="18.860145891085267" lon="98.91161782667041">
        <ele>960.34</ele>
      </trkpt>
      <trkpt lat="18.860142789781094" lon="98.91167348250747">
        <ele>961.0</ele>
      </trkpt>
      <trkpt lat="18.86010054498911" lon="98.91172318719327">
        <ele>961.59</ele>
      </trkpt>
      <trkpt lat="18.860017815604806" lon="98.9119703695178">
        <ele>962.33</ele>
      </trkpt>
      <trkpt lat="18.860023766756058" lon="98.91204362735152">
        <ele>962.63</ele>
      </trkpt>
      <trkpt lat="18.86006441898644" lon="98.91213901340961">
        <ele>962.77</ele>
      </trkpt>
      <trkpt lat="18.86021881364286" lon="98.91240329481661">
        <ele>962.81</ele>
      </trkpt>
      <trkpt lat="18.860253179445863" lon="98.91250664368272">
        <ele>962.8</ele>
      </trkpt>
      <trkpt lat="18.860255274921656" lon="98.91257755458355">
        <ele>962.62</ele>
      </trkpt>
      <trkpt lat="18.860234823077917" lon="98.9126559253782">
        <ele>962.36</ele>
      </trkpt>
      <trkpt lat="18.860241109505296" lon="98.91279900446534">
        <ele>962.03</ele>
      </trkpt>
      <trkpt lat="18.860192326828837" lon="98.91295096836984">
        <ele>961.52</ele>
      </trkpt>
      <trkpt lat="18.860179083421826" lon="98.91295306384563">
        <ele>960.94</ele>
      </trkpt>
      <trkpt lat="18.86012502014637" lon="98.91308725811541">
        <ele>960.17</ele>
      </trkpt>
      <trkpt lat="18.86009627021849" lon="98.91333351843059">
        <ele>959.39</ele>
      </trkpt>
      <trkpt lat="18.86006743647158" lon="98.91338439658284">
        <ele>958.56</ele>
      </trkpt>
      <trkpt lat="18.86006534099579" lon="98.91349880956113">
        <ele>957.68</ele>
      </trkpt>
      <trkpt lat="18.860016306862235" lon="98.91360986977816">
        <ele>956.67</ele>
      </trkpt>
      <trkpt lat="18.859980683773756" lon="98.91377071850002">
        <ele>955.62</ele>
      </trkpt>
      <trkpt lat="18.859943635761738" lon="98.91380835324526">
        <ele>954.53</ele>
      </trkpt>
      <trkpt lat="18.859951933845878" lon="98.91387423500419">
        <ele>953.46</ele>
      </trkpt>
      <trkpt lat="18.859926788136363" lon="98.91394807957113">
        <ele>952.37</ele>
      </trkpt>
      <trkpt lat="18.859938103705645" lon="98.9141018036753">
        <ele>951.22</ele>
      </trkpt>
      <trkpt lat="18.859909437596798" lon="98.91415167599916">
        <ele>950.06</ele>
      </trkpt>
      <trkpt lat="18.859868617728353" lon="98.91412544064224">
        <ele>948.95</ele>
      </trkpt>
      <trkpt lat="18.859864929690957" lon="98.91409057192504">
        <ele>947.86</ele>
      </trkpt>
      <trkpt lat="18.859689999371767" lon="98.91394229605794">
        <ele>946.62</ele>
      </trkpt>
      <trkpt lat="18.859674325212836" lon="98.91387540847063">
        <ele>945.52</ele>
      </trkpt>
      <trkpt lat="18.859585812315345" lon="98.91380064189434">
        <ele>944.36</ele>
      </trkpt>
      <trkpt lat="18.859558319672942" lon="98.91373853199184">
        <ele>943.3</ele>
      </trkpt>
      <trkpt lat="18.8595172483474" lon="98.91369067132473">
        <ele>942.25</ele>
      </trkpt>
      <trkpt lat="18.859479278326035" lon="98.91367273405194">
        <ele>941.26</ele>
      </trkpt>
      <trkpt lat="18.859380455687642" lon="98.91366871073842">
        <ele>940.25</ele>
      </trkpt>
      <trkpt lat="18.85934223420918" lon="98.91361825168133">
        <ele>939.34</ele>
      </trkpt>
      <trkpt lat="18.8593377918005" lon="98.91349671408534">
        <ele>938.51</ele>
      </trkpt>
      <trkpt lat="18.85940275155008" lon="98.91326646320522">
        <ele>938.0</ele>
      </trkpt>
      <trkpt lat="18.859406858682632" lon="98.91316118650138">
        <ele>937.39</ele>
      </trkpt>
      <trkpt lat="18.85938908904791" lon="98.91313017345965">
        <ele>936.85</ele>
      </trkpt>
      <trkpt lat="18.85934852063656" lon="98.913115253672">
        <ele>936.3</ele>
      </trkpt>
      <trkpt lat="18.85921818204224" lon="98.91314249485731">
        <ele>935.62</ele>
      </trkpt>
      <trkpt lat="18.859055070206523" lon="98.91313788481057">
        <ele>935.03</ele>
      </trkpt>
      <trkpt lat="18.85898650623858" lon="98.9131572470069">
        <ele>934.54</ele>
      </trkpt>
      <trkpt lat="18.85889665223658" lon="98.91321080736816">
        <ele>934.25</ele>
      </trkpt>
      <trkpt lat="18.858761452138424" lon="98.91322547569871">
        <ele>934.12</ele>
      </trkpt>
      <trkpt lat="18.858590042218566" lon="98.91329563222826">
        <ele>933.95</ele>
      </trkpt>
      <trkpt lat="18.8585433550179" lon="98.9132983982563">
        <ele>933.83</ele>
      </trkpt>
      <trkpt lat="18.85851100087166" lon="98.91324609518051">
        <ele>933.82</ele>
      </trkpt>
      <trkpt lat="18.858496164903045" lon="98.9131036028266">
        <ele>934.0</ele>
      </trkpt>
      <trkpt lat="18.85847353376448" lon="98.91305599361658">
        <ele>934.1</ele>
      </trkpt>
      <trkpt lat="18.858418129384518" lon="98.91301458701491">
        <ele>934.23</ele>
      </trkpt>
      <trkpt lat="18.858317295089364" lon="98.91298240050673">
        <ele>934.36</ele>
      </trkpt>
      <trkpt lat="18.858215371146798" lon="98.91291400417686">
        <ele>934.57</ele>
      </trkpt>
      <trkpt lat="18.858141861855984" lon="98.91284820623696">
        <ele>934.81</ele>
      </trkpt>
      <trkpt lat="18.858131803572178" lon="98.91281174495816">
        <ele>935.02</ele>
      </trkpt>
      <trkpt lat="18.85805184021592" lon="98.91272943466902">
        <ele>935.34</ele>
      </trkpt>
      <trkpt lat="18.85802585631609" lon="98.91272348351777">
        <ele>935.48</ele>
      </trkpt>
      <trkpt lat="18.857899205759168" lon="98.91288097947836">
        <ele>935.07</ele>
      </trkpt>
      <trkpt lat="18.85787741281092" lon="98.91293043270707">
        <ele>935.09</ele>
      </trkpt>
      <trkpt lat="18.857780769467354" lon="98.91301609575748">
        <ele>935.06</ele>
      </trkpt>
      <trkpt lat="18.85771069675684" lon="98.9130565803498">
        <ele>935.15</ele>
      </trkpt>
      <trkpt lat="18.857622854411602" lon="98.91308164224029">
        <ele>935.29</ele>
      </trkpt>
      <trkpt lat="18.857501232996583" lon="98.91302456147969">
        <ele>935.66</ele>
      </trkpt>
      <trkpt lat="18.857445577159524" lon="98.91302984207869">
        <ele>935.94</ele>
      </trkpt>
      <trkpt lat="18.857302078977227" lon="98.91309111379087">
        <ele>936.18</ele>
      </trkpt>
      <trkpt lat="18.85726402513683" lon="98.9131379686296">
        <ele>936.42</ele>
      </trkpt>
      <trkpt lat="18.857146091759205" lon="98.9131636172533">
        <ele>936.72</ele>
      </trkpt>
      <trkpt lat="18.85704902932048" lon="98.9132310077548">
        <ele>936.99</ele>
      </trkpt>
      <trkpt lat="18.856840236112475" lon="98.91333351843059">
        <ele>937.62</ele>
      </trkpt>
      <trkpt lat="18.85668408125639" lon="98.91350249759853">
        <ele>937.75</ele>
      </trkpt>
      <trkpt lat="18.856634125113487" lon="98.91360819339752">
        <ele>938.0</ele>
      </trkpt>
      <trkpt lat="18.856571093201637" lon="98.91367399133742">
        <ele>938.35</ele>
      </trkpt>
      <trkpt lat="18.856489956378937" lon="98.91365077346563">
        <ele>938.95</ele>
      </trkpt>
      <trkpt lat="18.856408903375268" lon="98.9135814551264">
        <ele>939.68</ele>
      </trkpt>
      <trkpt lat="18.856333382427692" lon="98.91354767605662">
        <ele>940.35</ele>
      </trkpt>
      <trkpt lat="18.85614604689181" lon="98.91337215900421">
        <ele>941.58</ele>
      </trkpt>
      <trkpt lat="18.85601084679365" lon="98.9133351109922">
        <ele>942.47</ele>
      </trkpt>
      <trkpt lat="18.855853769928217" lon="98.91338003799319">
        <ele>943.1</ele>
      </trkpt>
      <trkpt lat="18.855788810178638" lon="98.91343862749636">
        <ele>943.76</ele>
      </trkpt>
      <trkpt lat="18.85573768056929" lon="98.91357634216547">
        <ele>944.3</ele>
      </trkpt>
      <trkpt lat="18.855729214847088" lon="98.91366368159652">
        <ele>944.85</ele>
      </trkpt>
      <trkpt lat="18.855756791308522" lon="98.91374113038182">
        <ele>945.42</ele>
      </trkpt>
      <trkpt lat="18.855742206797004" lon="98.91379795968533">
        <ele>946.19</ele>
      </trkpt>
      <trkpt lat="18.855634415522218" lon="98.91391874291003">
        <ele>947.04</ele>
      </trkpt>
      <trkpt lat="18.855580603703856" lon="98.91400122083724">
        <ele>947.88</ele>
      </trkpt>
      <trkpt lat="18.855477841570973" lon="98.9140738081187">
        <ele>948.95</ele>
      </trkpt>
      <trkpt lat="18.85522118769586" lon="98.9141599740833">
        <ele>950.59</ele>
      </trkpt>
      <trkpt lat="18.85513653047383" lon="98.91422200016677">
        <ele>951.64</ele>
      </trkpt>
      <trkpt lat="18.855033768340945" lon="98.91432702541351">
        <ele>952.68</ele>
      </trkpt>
      <trkpt lat="18.854969898238778" lon="98.91445476561785">
        <ele>953.68</ele>
      </trkpt>
      <trkpt lat="18.85491030290723" lon="98.91464528627694">
        <ele>954.47</ele>
      </trkpt>
      <trkpt lat="18.854838302358985" lon="98.91480789519846">
        <ele>955.14</ele>
      </trkpt>
      <trkpt lat="18.854739982634783" lon="98.91485743224621">
        <ele>956.06</ele>
      </trkpt>
      <trkpt lat="18.854614002630115" lon="98.91482608392835">
        <ele>957.11</ele>
      </trkpt>
      <trkpt lat="18.8545058760792" lon="98.91476539894938">
        <ele>958.25</ele>
      </trkpt>
      <trkpt lat="18.85439833626151" lon="98.91464193351567">
        <ele>959.49</ele>
      </trkpt>
      <trkpt lat="18.854292137548327" lon="98.91438217833638">
        <ele>960.92</ele>
      </trkpt>
      <trkpt lat="18.854153333231807" lon="98.91413625329733">
        <ele>962.17</ele>
      </trkpt>
      <trkpt lat="18.854099605232477" lon="98.91401161439717">
        <ele>963.43</ele>
      </trkpt>
      <trkpt lat="18.85404746979475" lon="98.91393936239183">
        <ele>964.58</ele>
      </trkpt>
      <trkpt lat="18.85402651503682" lon="98.91386887058616">
        <ele>965.81</ele>
      </trkpt>
      <trkpt lat="18.854009499773383" lon="98.91376585699618">
        <ele>967.06</ele>
      </trkpt>
      <trkpt lat="18.854013020172715" lon="98.91352948732674">
        <ele>968.54</ele>
      </trkpt>
      <trkpt lat="18.853984605520964" lon="98.91334366053343">
        <ele>969.87</ele>
      </trkpt>
      <trkpt lat="18.854019474238157" lon="98.91306923702359">
        <ele>971.35</ele>
      </trkpt>
      <trkpt lat="18.854024587199092" lon="98.91279892064631">
        <ele>972.95</ele>
      </trkpt>
      <trkpt lat="18.853999944403768" lon="98.91275156289339">
        <ele>974.3</ele>
      </trkpt>
      <trkpt lat="18.853952502831817" lon="98.91270873136818">
        <ele>975.62</ele>
      </trkpt>
      <trkpt lat="18.85381881147623" lon="98.91266539692879">
        <ele>976.91</ele>
      </trkpt>
      <trkpt lat="18.853607587516308" lon="98.91254654154181">
        <ele>978.17</ele>
      </trkpt>
      <trkpt lat="18.85351396165788" lon="98.91242860816419">
        <ele>979.46</ele>
      </trkpt>
      <trkpt lat="18.853523936122656" lon="98.91232970170677">
        <ele>980.88</ele>
      </trkpt>
      <trkpt lat="18.853572802618146" lon="98.91218201257288">
        <ele>982.31</ele>
      </trkpt>
      <trkpt lat="18.85360532440245" lon="98.91196517273784">
        <ele>983.74</ele>
      </trkpt>
      <trkpt lat="18.853663662448525" lon="98.91171514056623">
        <ele>985.06</ele>
      </trkpt>
      <trkpt lat="18.85367799550295" lon="98.91153937205672">
        <ele>986.35</ele>
      </trkpt>
      <trkpt lat="18.853699788451195" lon="98.91146929934621">
        <ele>987.67</ele>
      </trkpt>
      <trkpt lat="18.853688975796103" lon="98.91119420528412">
        <ele>989.06</ele>
      </trkpt>
      <trkpt lat="18.853666679933667" lon="98.91109613701701">
        <ele>990.39</ele>
      </trkpt>
      <trkpt lat="18.853550842031837" lon="98.91097334213555">
        <ele>991.58</ele>
      </trkpt>
      <trkpt lat="18.853470124304295" lon="98.91081844456494">
        <ele>993.02</ele>
      </trkpt>
      <trkpt lat="18.853363506495953" lon="98.9107171073556">
        <ele>994.3</ele>
      </trkpt>
      <trkpt lat="18.85317818261683" lon="98.9105905406177">
        <ele>995.48</ele>
      </trkpt>
      <trkpt lat="18.85303057730198" lon="98.91054670326412">
        <ele>996.56</ele>
      </trkpt>
      <trkpt lat="18.852967377752066" lon="98.91047780402005">
        <ele>997.84</ele>
      </trkpt>
      <trkpt lat="18.852882888168097" lon="98.91035157255828">
        <ele>999.15</ele>
      </trkpt>
      <trkpt lat="18.85285723954439" lon="98.91024872660637">
        <ele>1000.49</ele>
      </trkpt>
      <trkpt lat="18.85283511132002" lon="98.91022056341171">
        <ele>1001.74</ele>
      </trkpt>
      <trkpt lat="18.852767888456583" lon="98.91001654788852">
        <ele>1003.14</ele>
      </trkpt>
      <trkpt lat="18.852767888456583" lon="98.90990976244211">
        <ele>1004.52</ele>
      </trkpt>
      <trkpt lat="18.852736791595817" lon="98.90982518903911">
        <ele>1005.84</ele>
      </trkpt>
      <trkpt lat="18.85277710855007" lon="98.90962326899171">
        <ele>1007.45</ele>
      </trkpt>
      <trkpt lat="18.85273654013872" lon="98.90959083102643">
        <ele>1008.71</ele>
      </trkpt>
      <trkpt lat="18.85277459397912" lon="98.90954758040607">
        <ele>1010.06</ele>
      </trkpt>
      <trkpt lat="18.852827567607164" lon="98.90942730009556">
        <ele>1011.5</ele>
      </trkpt>
      <trkpt lat="18.852873081341386" lon="98.90936753712595">
        <ele>1012.82</ele>
      </trkpt>
      <trkpt lat="18.85289772413671" lon="98.90925857238472">
        <ele>1014.2</ele>
      </trkpt>
      <trkpt lat="18.85287961922586" lon="98.9091575704515">
        <ele>1015.56</ele>
      </trkpt>
      <trkpt lat="18.852826980873942" lon="98.90909428708255">
        <ele>1016.85</ele>
      </trkpt>
      <trkpt lat="18.852756656706333" lon="98.9090415649116">
        <ele>1018.13</ele>
      </trkpt>
      <trkpt lat="18.85264308191836" lon="98.90903242863715">
        <ele>1019.33</ele>
      </trkpt>
      <trkpt lat="18.8525995798409" lon="98.90913058072329">
        <ele>1020.43</ele>
      </trkpt>
      <trkpt lat="18.852447029203176" lon="98.90921917743981">
        <ele>1021.52</ele>
      </trkpt>
      <trkpt lat="18.85238860733807" lon="98.90930961817503">
        <ele>1022.69</ele>
      </trkpt>
      <trkpt lat="18.85235826484859" lon="98.90931439585984">
        <ele>1024.02</ele>
      </trkpt>
      <trkpt lat="18.852339573204517" lon="98.9092693850398">
        <ele>1025.45</ele>
      </trkpt>
      <trkpt lat="18.85234116576612" lon="98.909174753353">
        <ele>1027.0</ele>
      </trkpt>
      <trkpt lat="18.85237243026495" lon="98.90912236645818">
        <ele>1028.55</ele>
      </trkpt>
      <trkpt lat="18.852473264560103" lon="98.90903511084616">
        <ele>1030.22</ele>
      </trkpt>
      <trkpt lat="18.85249807499349" lon="98.90892195515335">
        <ele>1031.93</ele>
      </trkpt>
      <trkpt lat="18.852487094700336" lon="98.90883520245552">
        <ele>1033.6</ele>
      </trkpt>
      <trkpt lat="18.852457255125046" lon="98.90876521356404">
        <ele>1035.29</ele>
      </trkpt>
      <trkpt lat="18.85236505419016" lon="98.90878491103649">
        <ele>1036.94</ele>
      </trkpt>
      <trkpt lat="18.85228064842522" lon="98.9086633734405">
        <ele>1038.8</ele>
      </trkpt>
      <trkpt lat="18.852267069742084" lon="98.90861718915403">
        <ele>1040.63</ele>
      </trkpt>
      <trkpt lat="18.852299423888326" lon="98.90853705815971">
        <ele>1042.52</ele>
      </trkpt>
      <trkpt lat="18.852348290383816" lon="98.90849221497774">
        <ele>1044.43</ele>
      </trkpt>
      <trkpt lat="18.85246471501887" lon="98.90848802402616">
        <ele>1046.41</ele>
      </trkpt>
      <trkpt lat="18.852489525452256" lon="98.90846136957407">
        <ele>1048.41</ele>
      </trkpt>
      <trkpt lat="18.852508384734392" lon="98.90838643535972">
        <ele>1050.49</ele>
      </trkpt>
      <trkpt lat="18.85255515575409" lon="98.9083129260689">
        <ele>1052.69</ele>
      </trkpt>
      <trkpt lat="18.852567058056593" lon="98.9082661550492">
        <ele>1054.84</ele>
      </trkpt>
      <trkpt lat="18.8526167627424" lon="98.90821510925889">
        <ele>1057.06</ele>
      </trkpt>
      <trkpt lat="18.852651547640562" lon="98.90819893218577">
        <ele>1059.25</ele>
      </trkpt>
      <trkpt lat="18.852686248719692" lon="98.90820496715605">
        <ele>1061.41</ele>
      </trkpt>
      <trkpt lat="18.852839889004827" lon="98.90810430049896">
        <ele>1063.96</ele>
      </trkpt>
      <trkpt lat="18.852887833490968" lon="98.90809248201549">
        <ele>1066.18</ele>
      </trkpt>
      <trkpt lat="18.852963773533702" lon="98.9081038814038">
        <ele>1068.43</ele>
      </trkpt>
      <trkpt lat="18.85303946211934" lon="98.90808887779713">
        <ele>1070.73</ele>
      </trkpt>
      <trkpt lat="18.853073408827186" lon="98.90810371376574">
        <ele>1072.88</ele>
      </trkpt>
      <trkpt lat="18.853150606155396" lon="98.9080940745771">
        <ele>1075.13</ele>
      </trkpt>
      <trkpt lat="18.853193102404475" lon="98.90811092220247">
        <ele>1077.27</ele>
      </trkpt>
      <trkpt lat="18.85317524895072" lon="98.90817546285689">
        <ele>1079.21</ele>
      </trkpt>
      <trkpt lat="18.853135854005814" lon="98.90820161439478">
        <ele>1081.11</ele>
      </trkpt>
      <trkpt lat="18.853127220645547" lon="98.90822508372366">
        <ele>1083.06</ele>
      </trkpt>
      <trkpt lat="18.853148594498634" lon="98.90829524025321">
        <ele>1084.98</ele>
      </trkpt>
      <trkpt lat="18.85322210378945" lon="98.90839054249227">
        <ele>1086.91</ele>
      </trkpt>
      <trkpt lat="18.85335797443986" lon="98.90839448198676">
        <ele>1089.11</ele>
      </trkpt>
      <trkpt lat="18.853426622226834" lon="98.90833086334169">
        <ele>1091.27</ele>
      </trkpt>
      <trkpt lat="18.85349091142416" lon="98.90836405567825">
        <ele>1093.21</ele>
      </trkpt>
      <trkpt lat="18.853608006611466" lon="98.90830295160413">
        <ele>1095.34</ele>
      </trkpt>
      <trkpt lat="18.853629967197776" lon="98.90827872790396">
        <ele>1097.19</ele>
      </trkpt>
      <trkpt lat="18.853619741275907" lon="98.90824117697775">
        <ele>1098.98</ele>
      </trkpt>
      <trkpt lat="18.853561487048864" lon="98.90820295549929">
        <ele>1100.71</ele>
      </trkpt>
      <trkpt lat="18.8535129558295" lon="98.90819390304387">
        <ele>1102.37</ele>
      </trkpt>
      <trkpt lat="18.853498455137014" lon="98.90813472680748">
        <ele>1104.05</ele>
      </trkpt>
      <trkpt lat="18.853505663573742" lon="98.90808376483619">
        <ele>1105.69</ele>
      </trkpt>
      <trkpt lat="18.85358822531998" lon="98.90792459249496">
        <ele>1107.44</ele>
      </trkpt>
      <trkpt lat="18.853641618043184" lon="98.907774053514">
        <ele>1109.11</ele>
      </trkpt>
      <trkpt lat="18.853755025193095" lon="98.90770406462252">
        <ele>1110.73</ele>
      </trkpt>
      <trkpt lat="18.85386323556304" lon="98.90754112042487">
        <ele>1112.36</ele>
      </trkpt>
      <trkpt lat="18.85384077206254" lon="98.9075427968055">
        <ele>1113.69</ele>
      </trkpt>
      <trkpt lat="18.853820990771055" lon="98.90740550123155">
        <ele>1115.11</ele>
      </trkpt>
      <trkpt lat="18.853781344369054" lon="98.9074032381177">
        <ele>1116.29</ele>
      </trkpt>
      <trkpt lat="18.853747649118304" lon="98.90736484900117">
        <ele>1117.48</ele>
      </trkpt>
      <trkpt lat="18.8536598905921" lon="98.90731028281152">
        <ele>1118.6</ele>
      </trkpt>
      <trkpt lat="18.853617226704955" lon="98.90730315819383">
        <ele>1119.66</ele>
      </trkpt>
      <trkpt lat="18.853419329971075" lon="98.90718011185527">
        <ele>1120.73</ele>
      </trkpt>
      <trkpt lat="18.853377252817154" lon="98.90716971829534">
        <ele>1121.67</ele>
      </trkpt>
      <trkpt lat="18.853338360786438" lon="98.9070972148329">
        <ele>1122.66</ele>
      </trkpt>
      <trkpt lat="18.85329008102417" lon="98.9070937782526">
        <ele>1123.5</ele>
      </trkpt>
      <trkpt lat="18.853214476257563" lon="98.90705119818449">
        <ele>1124.34</ele>
      </trkpt>
      <trkpt lat="18.853163849562407" lon="98.90690895728767">
        <ele>1125.33</ele>
      </trkpt>
      <trkpt lat="18.85306284762919" lon="98.90678809024394">
        <ele>1126.13</ele>
      </trkpt>
      <trkpt lat="18.853019513189793" lon="98.90664383769035">
        <ele>1126.97</ele>
      </trkpt>
      <trkpt lat="18.853025045245886" lon="98.90655105002224">
        <ele>1127.83</ele>
      </trkpt>
      <trkpt lat="18.853009957820177" lon="98.90646144747734">
        <ele>1128.61</ele>
      </trkpt>
      <trkpt lat="18.853050777688622" lon="98.90634762123227">
        <ele>1129.47</ele>
      </trkpt>
      <trkpt lat="18.853019513189793" lon="98.90625366009772">
        <ele>1130.19</ele>
      </trkpt>
      <trkpt lat="18.853023452684283" lon="98.90622331760824">
        <ele>1130.93</ele>
      </trkpt>
      <trkpt lat="18.85299545712769" lon="98.90617000870407">
        <ele>1131.63</ele>
      </trkpt>
      <trkpt lat="18.852951787412167" lon="98.90601377002895">
        <ele>1132.37</ele>
      </trkpt>
      <trkpt lat="18.852955475449562" lon="98.90591863542795">
        <ele>1133.12</ele>
      </trkpt>
      <trkpt lat="18.853003419935703" lon="98.90581034123898">
        <ele>1133.96</ele>
      </trkpt>
      <trkpt lat="18.85301984846592" lon="98.9057142008096">
        <ele>1134.74</ele>
      </trkpt>
      <trkpt lat="18.853019010275602" lon="98.90569534152746">
        <ele>1135.5</ele>
      </trkpt>
      <trkpt lat="18.852986488491297" lon="98.90566550195217">
        <ele>1136.24</ele>
      </trkpt>
      <trkpt lat="18.85305798612535" lon="98.90560146421194">
        <ele>1137.12</ele>
      </trkpt>
      <trkpt lat="18.853086065500975" lon="98.90552510507405">
        <ele>1137.95</ele>
      </trkpt>
      <trkpt lat="18.853137027472258" lon="98.90545159578323">
        <ele>1138.82</ele>
      </trkpt>
      <trkpt lat="18.85314406827092" lon="98.90540071763098">
        <ele>1139.68</ele>
      </trkpt>
      <trkpt lat="18.853176087141037" lon="98.90537205152214">
        <ele>1140.57</ele>
      </trkpt>
      <trkpt lat="18.853242387995124" lon="98.90535671263933">
        <ele>1141.47</ele>
      </trkpt>
      <trkpt lat="18.853271724656224" lon="98.90532494522631">
        <ele>1142.42</ele>
      </trkpt>
      <trkpt lat="18.85318363085389" lon="98.90519888140261">
        <ele>1143.48</ele>
      </trkpt>
      <trkpt lat="18.853148762136698" lon="98.90511833131313">
        <ele>1144.52</ele>
      </trkpt>
      <trkpt lat="18.85311607271433" lon="98.90498237684369">
        <ele>1145.63</ele>
      </trkpt>
      <trkpt lat="18.853053795173764" lon="98.90485170297325">
        <ele>1146.73</ele>
      </trkpt>
      <trkpt lat="18.85303166694939" lon="98.90464399941266">
        <ele>1148.02</ele>
      </trkpt>
      <trkpt lat="18.85298363864422" lon="98.9045159239322">
        <ele>1149.21</ele>
      </trkpt>
      <trkpt lat="18.853004928678274" lon="98.90435809269547">
        <ele>1150.52</ele>
      </trkpt>
      <trkpt lat="18.852995205670595" lon="98.9043259061873">
        <ele>1151.72</ele>
      </trkpt>
      <trkpt lat="18.853009035810828" lon="98.90423613600433">
        <ele>1153.02</ele>
      </trkpt>
      <trkpt lat="18.852994367480278" lon="98.90420009382069">
        <ele>1154.3</ele>
      </trkpt>
      <trkpt lat="18.853018507361412" lon="98.9041546639055">
        <ele>1155.63</ele>
      </trkpt>
      <trkpt lat="18.853026470169425" lon="98.90408643521369">
        <ele>1156.95</ele>
      </trkpt>
      <trkpt lat="18.85300962254405" lon="98.90391435474157">
        <ele>1158.37</ele>
      </trkpt>
      <trkpt lat="18.852986320853233" lon="98.90380840748549">
        <ele>1159.81</ele>
      </trkpt>
      <trkpt lat="18.852913482114673" lon="98.90362484380603">
        <ele>1161.45</ele>
      </trkpt>
      <trkpt lat="18.852844079956412" lon="98.90350598841906">
        <ele>1163.09</ele>
      </trkpt>
      <trkpt lat="18.852818431332707" lon="98.90348821878433">
        <ele>1164.55</ele>
      </trkpt>
      <trkpt lat="18.852778784930706" lon="98.90348922461271">
        <ele>1166.0</ele>
      </trkpt>
      <trkpt lat="18.852720111608505" lon="98.90344086103141">
        <ele>1167.55</ele>
      </trkpt>
      <trkpt lat="18.852663785219193" lon="98.90347447246313">
        <ele>1168.99</ele>
      </trkpt>
      <trkpt lat="18.852576781064272" lon="98.90356826595962">
        <ele>1170.32</ele>
      </trkpt>
      <trkpt lat="18.85250151157379" lon="98.90350749716163">
        <ele>1171.93</ele>
      </trkpt>
      <trkpt lat="18.85244568809867" lon="98.90349333174527">
        <ele>1173.52</ele>
      </trkpt>
      <trkpt lat="18.852386428043246" lon="98.90355795621872">
        <ele>1175.0</ele>
      </trkpt>
      <trkpt lat="18.852156763896346" lon="98.90337984077632">
        <ele>1176.88</ele>
      </trkpt>
      <trkpt lat="18.852029191330075" lon="98.90320532955229">
        <ele>1178.93</ele>
      </trkpt>
      <trkpt lat="18.85182668454945" lon="98.90311036258936">
        <ele>1180.83</ele>
      </trkpt>
      <trkpt lat="18.851746134459972" lon="98.90309837646782">
        <ele>1182.58</ele>
      </trkpt>
      <trkpt lat="18.851706320419908" lon="98.90305143781006">
        <ele>1184.5</ele>
      </trkpt>
      <trkpt lat="18.85167757049203" lon="98.90305772423744">
        <ele>1186.31</ele>
      </trkpt>
      <trkpt lat="18.851636918261647" lon="98.90303148888052">
        <ele>1188.24</ele>
      </trkpt>
      <trkpt lat="18.85160280391574" lon="98.90304163098335">
        <ele>1190.09</ele>
      </trkpt>
      <trkpt lat="18.851510770618916" lon="98.90298211947083">
        <ele>1192.11</ele>
      </trkpt>
      <trkpt lat="18.851414630189538" lon="98.90299645252526">
        <ele>1193.98</ele>
      </trkpt>
      <trkpt lat="18.851352017372847" lon="98.90294532291591">
        <ele>1196.06</ele>
      </trkpt>
      <trkpt lat="18.851271299645305" lon="98.9028179179877">
        <ele>1198.3</ele>
      </trkpt>
      <trkpt lat="18.851153198629618" lon="98.9026746712625">
        <ele>1200.53</ele>
      </trkpt>
      <trkpt lat="18.85094951838255" lon="98.90258615836501">
        <ele>1202.6</ele>
      </trkpt>
      <trkpt lat="18.85074424557388" lon="98.90249697491527">
        <ele>1204.66</ele>
      </trkpt>
      <trkpt lat="18.850720608606935" lon="98.90250225551426">
        <ele>1206.59</ele>
      </trkpt>
      <trkpt lat="18.85066419839859" lon="98.90246495604515">
        <ele>1208.58</ele>
      </trkpt>
      <trkpt lat="18.85055959224701" lon="98.90233545564115">
        <ele>1210.73</ele>
      </trkpt>
      <trkpt lat="18.850487507879734" lon="98.90217494219542">
        <ele>1212.98</ele>
      </trkpt>
      <trkpt lat="18.850338142365217" lon="98.90208818949759">
        <ele>1215.06</ele>
      </trkpt>
      <trkpt lat="18.850262872874737" lon="98.90210453420877">
        <ele>1216.93</ele>
      </trkpt>
      <trkpt lat="18.850154913961887" lon="98.90218877233565">
        <ele>1218.62</ele>
      </trkpt>
      <trkpt lat="18.850093809887767" lon="98.90221467241645">
        <ele>1220.38</ele>
      </trkpt>
      <trkpt lat="18.8499937299639" lon="98.90219539403915">
        <ele>1222.25</ele>
      </trkpt>
      <trkpt lat="18.84987990371883" lon="98.90219572931528">
        <ele>1224.03</ele>
      </trkpt>
      <trkpt lat="18.849633308127522" lon="98.90226471237838">
        <ele>1225.68</ele>
      </trkpt>
      <trkpt lat="18.849325524643064" lon="98.90220243483782">
        <ele>1227.46</ele>
      </trkpt>
      <trkpt lat="18.849237682297826" lon="98.90219966880977">
        <ele>1229.03</ele>
      </trkpt>
      <trkpt lat="18.849120922386646" lon="98.90222464688122">
        <ele>1230.44</ele>
      </trkpt>
      <trkpt lat="18.849039366468787" lon="98.90221995301545">
        <ele>1231.94</ele>
      </trkpt>
      <trkpt lat="18.848942555487156" lon="98.90218315646052">
        <ele>1233.49</ele>
      </trkpt>
      <trkpt lat="18.848898969590664" lon="98.9021397382021">
        <ele>1235.08</ele>
      </trkpt>
      <trkpt lat="18.848871560767293" lon="98.90214887447655">
        <ele>1236.57</ele>
      </trkpt>
      <trkpt lat="18.848817497491837" lon="98.90207125805318">
        <ele>1238.17</ele>
      </trkpt>
      <trkpt lat="18.848755387589335" lon="98.90189540572464">
        <ele>1239.99</ele>
      </trkpt>
      <trkpt lat="18.848728481680155" lon="98.90185927972198">
        <ele>1241.51</ele>
      </trkpt>
      <trkpt lat="18.84872244670987" lon="98.90181301161647">
        <ele>1243.03</ele>
      </trkpt>
      <trkpt lat="18.84868565015495" lon="98.90177722088993">
        <ele>1244.5</ele>
      </trkpt>
      <trkpt lat="18.8486622646451" lon="98.90167186036706">
        <ele>1246.12</ele>
      </trkpt>
      <trkpt lat="18.84866561740637" lon="98.90158577822149">
        <ele>1247.65</ele>
      </trkpt>
      <trkpt lat="18.84862119331956" lon="98.90150983817875">
        <ele>1249.14</ele>
      </trkpt>
      <trkpt lat="18.84859101846814" lon="98.90150338411331">
        <ele>1250.43</ele>
      </trkpt>
      <trkpt lat="18.84847166016698" lon="98.90141478739679">
        <ele>1251.81</ele>
      </trkpt>
      <trkpt lat="18.848377615213394" lon="98.90139291062951">
        <ele>1253.04</ele>
      </trkpt>
      <trkpt lat="18.84825180284679" lon="98.90141009353101">
        <ele>1254.17</ele>
      </trkpt>
      <trkpt lat="18.84816002100706" lon="98.90137480571866">
        <ele>1255.34</ele>
      </trkpt>
      <trkpt lat="18.847947791218758" lon="98.9012033957988">
        <ele>1256.42</ele>
      </trkpt>
      <trkpt lat="18.847936308011413" lon="98.901158971712">
        <ele>1257.51</ele>
      </trkpt>
      <trkpt lat="18.847902696579695" lon="98.90111412853003">
        <ele>1258.56</ele>
      </trkpt>
      <trkpt lat="18.847889872267842" lon="98.9010392781347">
        <ele>1259.62</ele>
      </trkpt>
      <trkpt lat="18.84789749979973" lon="98.90099057927728">
        <ele>1260.66</ele>
      </trkpt>
      <trkpt lat="18.847869420424104" lon="98.90093014575541">
        <ele>1261.67</ele>
      </trkpt>
      <trkpt lat="18.847878305241466" lon="98.9008651021868">
        <ele>1262.72</ele>
      </trkpt>
      <trkpt lat="18.84785165078938" lon="98.90076904557645">
        <ele>1263.75</ele>
      </trkpt>
      <trkpt lat="18.847854416817427" lon="98.90069964341819">
        <ele>1264.79</ele>
      </trkpt>
      <trkpt lat="18.847787026315928" lon="98.90052387490869">
        <ele>1265.87</ele>
      </trkpt>
      <trkpt lat="18.84776229970157" lon="98.90049076639116">
        <ele>1266.87</ele>
      </trkpt>
      <trkpt lat="18.847662722691894" lon="98.90041985549033">
        <ele>1267.86</ele>
      </trkpt>
      <trkpt lat="18.847631039097905" lon="98.9004387985915">
        <ele>1268.85</ele>
      </trkpt>
      <trkpt lat="18.84759617038071" lon="98.9004007447511">
        <ele>1269.9</ele>
      </trkpt>
      <trkpt lat="18.84754336439073" lon="98.90039605088532">
        <ele>1270.93</ele>
      </trkpt>
      <trkpt lat="18.84749785065651" lon="98.90036595985293">
        <ele>1272.02</ele>
      </trkpt>
      <trkpt lat="18.847412690520287" lon="98.90023117884994">
        <ele>1273.19</ele>
      </trkpt>
      <trkpt lat="18.847386203706264" lon="98.9002125710249">
        <ele>1274.36</ele>
      </trkpt>
      <trkpt lat="18.84737027809024" lon="98.90016102232039">
        <ele>1275.62</ele>
      </trkpt>
      <trkpt lat="18.847326105460525" lon="98.90012498013675">
        <ele>1276.89</ele>
      </trkpt>
      <trkpt lat="18.847218733280897" lon="98.89991727657616">
        <ele>1278.29</ele>
      </trkpt>
      <trkpt lat="18.847153522074223" lon="98.89973890967667">
        <ele>1279.88</ele>
      </trkpt>
      <trkpt lat="18.847120329737663" lon="98.89972440898418">
        <ele>1281.32</ele>
      </trkpt>
      <trkpt lat="18.846982531249523" lon="98.8995978422463">
        <ele>1282.98</ele>
      </trkpt>
      <trkpt lat="18.846896700561047" lon="98.89957437291741">
        <ele>1284.47</ele>
      </trkpt>
      <trkpt lat="18.84681430645287" lon="98.89949164353311">
        <ele>1286.19</ele>
      </trkpt>
      <trkpt lat="18.846726128831506" lon="98.89943112619221">
        <ele>1287.88</ele>
      </trkpt>
      <trkpt lat="18.846613308414817" lon="98.89940447174013">
        <ele>1289.47</ele>
      </trkpt>
      <trkpt lat="18.846561340615153" lon="98.89936700463295">
        <ele>1291.19</ele>
      </trkpt>
      <trkpt lat="18.846428487449884" lon="98.89921286143363">
        <ele>1293.29</ele>
      </trkpt>
      <trkpt lat="18.846302926540375" lon="98.89923121780157">
        <ele>1295.05</ele>
      </trkpt>
      <trkpt lat="18.84615909308195" lon="98.89920179732144">
        <ele>1296.97</ele>
      </trkpt>
      <trkpt lat="18.846103940159082" lon="98.89923792332411">
        <ele>1298.71</ele>
      </trkpt>
      <trkpt lat="18.8460167683661" lon="98.89922107569873">
        <ele>1300.65</ele>
      </trkpt>
      <trkpt lat="18.845975948497653" lon="98.89924010261893">
        <ele>1302.42</ele>
      </trkpt>
      <trkpt lat="18.845904702320695" lon="98.89933599159122">
        <ele>1304.15</ele>
      </trkpt>
      <trkpt lat="18.845877461135387" lon="98.89946741983294">
        <ele>1305.72</ele>
      </trkpt>
      <trkpt lat="18.845822559669614" lon="98.89962432906032">
        <ele>1307.24</ele>
      </trkpt>
      <trkpt lat="18.84576866403222" lon="98.89971393160522">
        <ele>1308.84</ele>
      </trkpt>
      <trkpt lat="18.845719378441572" lon="98.8997596129775">
        <ele>1310.44</ele>
      </trkpt>
      <trkpt lat="18.8456610403955" lon="98.89978643506765">
        <ele>1312.09</ele>
      </trkpt>
      <trkpt lat="18.84555023163557" lon="98.89979624189436">
        <ele>1313.87</ele>
      </trkpt>
      <trkpt lat="18.845502454787493" lon="98.89978509396315">
        <ele>1315.59</ele>
      </trkpt>
      <trkpt lat="18.84545342065394" lon="98.8997461181134">
        <ele>1317.37</ele>
      </trkpt>
      <trkpt lat="18.845401452854276" lon="98.8997376523912">
        <ele>1319.09</ele>
      </trkpt>
      <trkpt lat="18.845327273011208" lon="98.89975240454078">
        <ele>1320.76</ele>
      </trkpt>
      <trkpt lat="18.84527957998216" lon="98.8997876085341">
        <ele>1322.36</ele>
      </trkpt>
      <trkpt lat="18.84515351615846" lon="98.89981183223426">
        <ele>1324.13</ele>
      </trkpt>
      <trkpt lat="18.844983782619238" lon="98.90001894906163">
        <ele>1325.6</ele>
      </trkpt>
      <trkpt lat="18.84489552117884" lon="98.90005197376013">
        <ele>1327.13</ele>
      </trkpt>
      <trkpt lat="18.844791166484356" lon="98.90011944808066">
        <ele>1328.62</ele>
      </trkpt>
      <trkpt lat="18.844715980812907" lon="98.9001119043678">
        <ele>1330.2</ele>
      </trkpt>
      <trkpt lat="18.844630485400558" lon="98.90005214139819">
        <ele>1331.84</ele>
      </trkpt>
      <trkpt lat="18.84458958171308" lon="98.89997745864093">
        <ele>1333.46</ele>
      </trkpt>
      <trkpt lat="18.844592096284032" lon="98.89993311837316">
        <ele>1334.98</ele>
      </trkpt>
      <trkpt lat="18.844530740752816" lon="98.89990361407399">
        <ele>1336.51</ele>
      </trkpt>
      <trkpt lat="18.84435396641493" lon="98.89994887635112">
        <ele>1338.0</ele>
      </trkpt>
      <trkpt lat="18.84426075965166" lon="98.90000520274043">
        <ele>1339.34</ele>
      </trkpt>
      <trkpt lat="18.84415565058589" lon="98.90002674423158">
        <ele>1340.72</ele>
      </trkpt>
      <trkpt lat="18.844126733019948" lon="98.9000243972987">
        <ele>1342.1</ele>
      </trkpt>
      <trkpt lat="18.84405062533915" lon="98.89996589161456">
        <ele>1343.59</ele>
      </trkpt>
      <trkpt lat="18.843980636447668" lon="98.9000204578042">
        <ele>1344.84</ele>
      </trkpt>
      <trkpt lat="18.84386437945068" lon="98.90020963735878">
        <ele>1345.86</ele>
      </trkpt>
      <trkpt lat="18.843701435253024" lon="98.90034374780953">
        <ele>1347.04</ele>
      </trkpt>
      <trkpt lat="18.84355123154819" lon="98.90036738477647">
        <ele>1348.49</ele>
      </trkpt>
      <trkpt lat="18.84348434396088" lon="98.90032975003123">
        <ele>1349.91</ele>
      </trkpt>
      <trkpt lat="18.843384934589267" lon="98.9003175124526">
        <ele>1351.28</ele>
      </trkpt>
      <trkpt lat="18.84322978556156" lon="98.90033536590636">
        <ele>1352.64</ele>
      </trkpt>
      <trkpt lat="18.8432140275836" lon="98.9002937078476">
        <ele>1353.89</ele>
      </trkpt>
      <trkpt lat="18.843216290697455" lon="98.90023034065962">
        <ele>1355.11</ele>
      </trkpt>
      <trkpt lat="18.843247890472412" lon="98.90014367178082">
        <ele>1356.33</ele>
      </trkpt>
      <trkpt lat="18.843364734202623" lon="98.90001878142357">
        <ele>1357.49</ele>
      </trkpt>
      <trkpt lat="18.843469424173236" lon="98.89993328601122">
        <ele>1358.54</ele>
      </trkpt>
      <trkpt lat="18.843535725027323" lon="98.89984854497015">
        <ele>1359.58</ele>
      </trkpt>
      <trkpt lat="18.843666231259704" lon="98.89962432906032">
        <ele>1360.59</ele>
      </trkpt>
      <trkpt lat="18.843715768307447" lon="98.89946021139622">
        <ele>1361.54</ele>
      </trkpt>
      <trkpt lat="18.843722892925143" lon="98.89937815256417">
        <ele>1362.43</ele>
      </trkpt>
      <trkpt lat="18.843676205724478" lon="98.89920867048204">
        <ele>1363.36</ele>
      </trkpt>
      <trkpt lat="18.84363421238959" lon="98.89914739876986">
        <ele>1364.22</ele>
      </trkpt>
      <trkpt lat="18.843617783859372" lon="98.89909392222762">
        <ele>1364.97</ele>
      </trkpt>
      <trkpt lat="18.843514937907457" lon="98.89898797497153">
        <ele>1365.84</ele>
      </trkpt>
      <trkpt lat="18.843512926250696" lon="98.89891647733748">
        <ele>1366.43</ele>
      </trkpt>
      <trkpt lat="18.843494234606624" lon="98.8989035692066">
        <ele>1366.94</ele>
      </trkpt>
      <trkpt lat="18.843388287350535" lon="98.89893273822963">
        <ele>1367.48</ele>
      </trkpt>
      <trkpt lat="18.843277227133512" lon="98.89899652451277">
        <ele>1367.83</ele>
      </trkpt>
      <trkpt lat="18.843190222978592" lon="98.89907070435584">
        <ele>1368.04</ele>
      </trkpt>
      <trkpt lat="18.843111265450716" lon="98.89917690306902">
        <ele>1368.05</ele>
      </trkpt>
      <trkpt lat="18.843037085607648" lon="98.89923348091543">
        <ele>1368.03</ele>
      </trkpt>
      <trkpt lat="18.84300540201366" lon="98.89928670600057">
        <ele>1367.92</ele>
      </trkpt>
      <trkpt lat="18.842939855530858" lon="98.89932484366">
        <ele>1367.76</ele>
      </trkpt>
      <trkpt lat="18.842875566333532" lon="98.89933775179088">
        <ele>1367.56</ele>
      </trkpt>
      <trkpt lat="18.84278261102736" lon="98.89941335655749">
        <ele>1367.2</ele>
      </trkpt>
      <trkpt lat="18.842518581077456" lon="98.89957814477384">
        <ele>1366.58</ele>
      </trkpt>
      <trkpt lat="18.842329904437065" lon="98.89965509064496">
        <ele>1365.94</ele>
      </trkpt>
      <trkpt lat="18.84222320280969" lon="98.89963421970606">
        <ele>1365.39</ele>
      </trkpt>
      <trkpt lat="18.842111388221383" lon="98.89965274371207">
        <ele>1364.76</ele>
      </trkpt>
      <trkpt lat="18.841939140111208" lon="98.89977118000388">
        <ele>1364.1</ele>
      </trkpt>
      <trkpt lat="18.841771837323904" lon="98.89990227296948">
        <ele>1363.5</ele>
      </trkpt>
      <trkpt lat="18.841669745743275" lon="98.90005381777883">
        <ele>1362.69</ele>
      </trkpt>
      <trkpt lat="18.841599253937602" lon="98.90013176947832">
        <ele>1361.94</ele>
      </trkpt>
      <trkpt lat="18.841471429914236" lon="98.9002292510122">
        <ele>1361.15</ele>
      </trkpt>
      <trkpt lat="18.841343019157648" lon="98.90032731927931">
        <ele>1360.32</ele>
      </trkpt>
      <trkpt lat="18.841284597292542" lon="98.9003901835531">
        <ele>1359.55</ele>
      </trkpt>
      <trkpt lat="18.841225085780025" lon="98.90052580274642">
        <ele>1358.79</ele>
      </trkpt>
      <trkpt lat="18.841152833774686" lon="98.90064172446728">
        <ele>1358.02</ele>
      </trkpt>
      <trkpt lat="18.841064823791385" lon="98.90090919099748">
        <ele>1357.22</ele>
      </trkpt>
      <trkpt lat="18.841014532372355" lon="98.90116173774004">
        <ele>1356.23</ele>
      </trkpt>
      <trkpt lat="18.84101922623813" lon="98.90133616514504">
        <ele>1355.24</ele>
      </trkpt>
      <trkpt lat="18.84102400392294" lon="98.90151034109294">
        <ele>1354.23</ele>
      </trkpt>
      <trkpt lat="18.841058621183038" lon="98.90173363499343">
        <ele>1353.27</ele>
      </trkpt>
      <trkpt lat="18.841093238443136" lon="98.9019565936178">
        <ele>1352.31</ele>
      </trkpt>
      <trkpt lat="18.841172950342298" lon="98.90216337516904">
        <ele>1351.45</ele>
      </trkpt>
      <trkpt lat="18.841164987534285" lon="98.90224065631628">
        <ele>1350.63</ele>
      </trkpt>
      <trkpt lat="18.841267749667168" lon="98.90252145007253">
        <ele>1349.78</ele>
      </trkpt>
      <trkpt lat="18.841360872611403" lon="98.9027383737266">
        <ele>1348.96</ele>
      </trkpt>
      <trkpt lat="18.84145407937467" lon="98.90295529738069">
        <ele>1348.15</ele>
      </trkpt>
      <trkpt lat="18.84153664112091" lon="98.90306015498936">
        <ele>1347.48</ele>
      </trkpt>
      <trkpt lat="18.841705955564976" lon="98.9033277053386">
        <ele>1346.88</ele>
      </trkpt>
      <trkpt lat="18.841875605285168" lon="98.90359575860202">
        <ele>1346.38</ele>
      </trkpt>
      <trkpt lat="18.84200426749885" lon="98.90386163257062">
        <ele>1345.88</ele>
      </trkpt>
      <trkpt lat="18.842039220035076" lon="98.90397747047246">
        <ele>1345.43</ele>
      </trkpt>
      <trkpt lat="18.842044668272138" lon="98.90406573191285">
        <ele>1345.05</ele>
      </trkpt>
      <trkpt lat="18.842014744877815" lon="98.9042545761913">
        <ele>1344.72</ele>
      </trkpt>
      <trkpt lat="18.841975182294846" lon="98.9043394010514">
        <ele>1344.45</ele>
      </trkpt>
      <trkpt lat="18.841922963038087" lon="98.90440938994288">
        <ele>1344.24</ele>
      </trkpt>
      <trkpt lat="18.841820620000362" lon="98.90463335439563">
        <ele>1344.14</ele>
      </trkpt>
      <trkpt lat="18.841689694672823" lon="98.90481255948544">
        <ele>1344.11</ele>
      </trkpt>
      <trkpt lat="18.84155860170722" lon="98.9049921836704">
        <ele>1344.12</ele>
      </trkpt>
      <trkpt lat="18.841495318338275" lon="98.90522846952081">
        <ele>1344.25</ele>
      </trkpt>
      <trkpt lat="18.841374702751637" lon="98.90529745258391">
        <ele>1347.44</ele>
      </trkpt>
      <trkpt lat="18.84130789898336" lon="98.90528806485236">
        <ele>1347.04</ele>
      </trkpt>
      <trkpt lat="18.841225169599056" lon="98.90531932935119">
        <ele>1346.66</ele>
      </trkpt>
      <trkpt lat="18.841126430779696" lon="98.90525914728642">
        <ele>1346.3</ele>
      </trkpt>
      <trkpt lat="18.841016963124275" lon="98.90523643232882">
        <ele>1346.0</ele>
      </trkpt>
      <trkpt lat="18.840976729989052" lon="98.90521271154284">
        <ele>1345.71</ele>
      </trkpt>
      <trkpt lat="18.840926187112927" lon="98.90522453002632">
        <ele>1345.45</ele>
      </trkpt>
      <trkpt lat="18.840881260111928" lon="98.90521321445704">
        <ele>1345.21</ele>
      </trkpt>
      <trkpt lat="18.840816216543317" lon="98.90517616644502">
        <ele>1344.98</ele>
      </trkpt>
      <trkpt lat="18.840774726122618" lon="98.90517842955887">
        <ele>1344.78</ele>
      </trkpt>
      <trkpt lat="18.840757543221116" lon="98.90514607541263">
        <ele>1344.55</ele>
      </trkpt>
      <trkpt lat="18.84070976637304" lon="98.90513090416789">
        <ele>1344.37</ele>
      </trkpt>
      <trkpt lat="18.840687135234475" lon="98.90517298132181">
        <ele>1347.16</ele>
      </trkpt>
      <trkpt lat="18.84064137004316" lon="98.90529619529843">
        <ele>1347.55</ele>
      </trkpt>
      <trkpt lat="18.840614715591073" lon="98.90531958080828">
        <ele>1347.9</ele>
      </trkpt>
      <trkpt lat="18.84058814495802" lon="98.9053793437779">
        <ele>1348.26</ele>
      </trkpt>
      <trkpt lat="18.840585546568036" lon="98.90543390996754">
        <ele>1348.6</ele>
      </trkpt>
      <trkpt lat="18.84060096926987" lon="98.90546383336186">
        <ele>1344.1</ele>
      </trkpt>
      <trkpt lat="18.840705659240484" lon="98.90549928881228">
        <ele>1343.98</ele>
      </trkpt>
      <trkpt lat="18.840744886547327" lon="98.9055450540036">
        <ele>1343.85</ele>
      </trkpt>
      <trkpt lat="18.84078662842512" lon="98.90554446727037">
        <ele>1343.73</ele>
      </trkpt>
      <trkpt lat="18.84087983518839" lon="98.9056124445051">
        <ele>1343.64</ele>
      </trkpt>
      <trkpt lat="18.841113774105906" lon="98.9057054836303">
        <ele>1343.53</ele>
      </trkpt>
      <trkpt lat="18.841146379709244" lon="98.90575996600091">
        <ele>1343.46</ele>
      </trkpt>
      <trkpt lat="18.84119893424213" lon="98.9057742152363">
        <ele>1343.39</ele>
      </trkpt>
      <trkpt lat="18.84121653623879" lon="98.90563457272947">
        <ele>1343.36</ele>
      </trkpt>
      <trkpt lat="18.84127135388553" lon="98.90549107454717">
        <ele>1350.86</ele>
      </trkpt>
      <trkpt lat="18.841288620606065" lon="98.90544597990811">
        <ele>1343.33</ele>
      </trkpt>
      <trkpt lat="18.841472268104553" lon="98.90528529882431">
        <ele>1350.99</ele>
      </trkpt>
      <trkpt lat="18.84151166304946" lon="98.90520558692515">
        <ele>1350.89</ele>
      </trkpt>
      <trkpt lat="18.841510573402047" lon="98.90514213591814">
        <ele>1350.74</ele>
      </trkpt>
      <trkpt lat="18.841458605602384" lon="98.90509989112616">
        <ele>1350.53</ele>
      </trkpt>
      <trkpt lat="18.84129038080573" lon="98.90502369962633">
        <ele>1350.2</ele>
      </trkpt>
      <trkpt lat="18.841120982542634" lon="98.90494692139328">
        <ele>1349.88</ele>
      </trkpt>
      <trkpt lat="18.840921325609088" lon="98.9048867393285">
        <ele>1349.56</ele>
      </trkpt>
      <trkpt lat="18.840719992294908" lon="98.90482605434954">
        <ele>1349.26</ele>
      </trkpt>
      <trkpt lat="18.840555539354682" lon="98.90483099967241">
        <ele>1348.89</ele>
      </trkpt>
      <trkpt lat="18.840484293177724" lon="98.90488556586206">
        <ele>1348.45</ele>
      </trkpt>
      <trkpt lat="18.840424614027143" lon="98.90510777011514">
        <ele>1348.0</ele>
      </trkpt>
      <trkpt lat="18.840387230738997" lon="98.90520164743066">
        <ele>1347.42</ele>
      </trkpt>
      <trkpt lat="18.840344985947013" lon="98.90525814145803">
        <ele>1346.76</ele>
      </trkpt>
      <trkpt lat="18.840299053117633" lon="98.90538504347205">
        <ele>1346.05</ele>
      </trkpt>
      <trkpt lat="18.84008632041514" lon="98.90552409924567">
        <ele>1345.16</ele>
      </trkpt>
      <trkpt lat="18.840006524696946" lon="98.9056378416717">
        <ele>1344.32</ele>
      </trkpt>
      <trkpt lat="18.83986445143819" lon="98.90578167513013">
        <ele>1343.4</ele>
      </trkpt>
      <trkpt lat="18.83971500210464" lon="98.90596708282828">
        <ele>1342.31</ele>
      </trkpt>
      <trkpt lat="18.839689772576094" lon="98.9060197211802">
        <ele>1341.24</ele>
      </trkpt>
      <trkpt lat="18.839637637138367" lon="98.90607076697052">
        <ele>1340.11</ele>
      </trkpt>
      <trkpt lat="18.839598493650556" lon="98.90610286965966">
        <ele>1338.94</ele>
      </trkpt>
      <trkpt lat="18.839542753994465" lon="98.90610949136317">
        <ele>1337.71</ele>
      </trkpt>
      <trkpt lat="18.839461533352733" lon="98.90615383163095">
        <ele>1336.35</ele>
      </trkpt>
      <trkpt lat="18.839401686564088" lon="98.90624745748937">
        <ele>1334.95</ele>
      </trkpt>
      <trkpt lat="18.83929037488997" lon="98.90630713663995">
        <ele>1333.47</ele>
      </trkpt>
      <trkpt lat="18.83928936906159" lon="98.90638316050172">
        <ele>1332.02</ele>
      </trkpt>
      <trkpt lat="18.839310156181455" lon="98.90643135644495">
        <ele>1330.55</ele>
      </trkpt>
      <trkpt lat="18.839348796755075" lon="98.90645457431674">
        <ele>1329.06</ele>
      </trkpt>
      <trkpt lat="18.83934812620282" lon="98.90648474916816">
        <ele>1327.49</ele>
      </trkpt>
      <trkpt lat="18.83940177038312" lon="98.90660922043025">
        <ele>1325.82</ele>
      </trkpt>
      <trkpt lat="18.839535377919674" lon="98.90678549185395">
        <ele>1324.11</ele>
      </trkpt>
      <trkpt lat="18.8395875133574" lon="98.90681801363826">
        <ele>1322.4</ele>
      </trkpt>
      <trkpt lat="18.839561445638537" lon="98.906878111884">
        <ele>1320.59</ele>
      </trkpt>
      <trkpt lat="18.839513082057238" lon="98.9068345259875">
        <ele>1318.83</ele>
      </trkpt>
      <trkpt lat="18.839334715157747" lon="98.90700099058449">
        <ele>1316.75</ele>
      </trkpt>
      <trkpt lat="18.839331613853574" lon="98.90704474411905">
        <ele>1314.83</ele>
      </trkpt>
      <trkpt lat="18.8393509760499" lon="98.90707022510469">
        <ele>1312.9</ele>
      </trkpt>
      <trkpt lat="18.83935927413404" lon="98.9071183372289">
        <ele>1310.93</ele>
      </trkpt>
      <trkpt lat="18.839352736249566" lon="98.90724314376712">
        <ele>1308.8</ele>
      </trkpt>
      <trkpt lat="18.839324824512005" lon="98.90729242935777">
        <ele>1306.7</ele>
      </trkpt>
      <trkpt lat="18.839322477579117" lon="98.90735546126962">
        <ele>1304.59</ele>
      </trkpt>
      <trkpt lat="18.83923857472837" lon="98.90742142684758">
        <ele>1302.38</ele>
      </trkpt>
      <trkpt lat="18.83925902657211" lon="98.90745051205158">
        <ele>1300.28</ele>
      </trkpt>
      <trkpt lat="18.839254081249237" lon="98.90749393031001">
        <ele>1298.11</ele>
      </trkpt>
      <trkpt lat="18.839291715994477" lon="98.9075258653611">
        <ele>1295.98</ele>
      </trkpt>
      <trkpt lat="18.83932365104556" lon="98.90759132802486">
        <ele>1293.77</ele>
      </trkpt>
      <trkpt lat="18.839325746521354" lon="98.90762669965625">
        <ele>1291.55</ele>
      </trkpt>
      <trkpt lat="18.839289201423526" lon="98.90769694000483">
        <ele>1289.17</ele>
      </trkpt>
      <trkpt lat="18.83929381147027" lon="98.90773759223521">
        <ele>1286.89</ele>
      </trkpt>
      <trkpt lat="18.839312167838216" lon="98.90775980427861">
        <ele>1284.64</ele>
      </trkpt>
      <trkpt lat="18.839314933866262" lon="98.90790112316608">
        <ele>1282.11</ele>
      </trkpt>
      <trkpt lat="18.839332032948732" lon="98.90795409679413">
        <ele>1279.82</ele>
      </trkpt>
      <trkpt lat="18.839312503114343" lon="98.90799382701516">
        <ele>1277.52</ele>
      </trkpt>
      <trkpt lat="18.83913991972804" lon="98.9080367423594">
        <ele>1275.13</ele>
      </trkpt>
      <trkpt lat="18.83907051756978" lon="98.90809063799679">
        <ele>1272.79</ele>
      </trkpt>
      <trkpt lat="18.838974041864276" lon="98.90810505487025">
        <ele>1270.47</ele>
      </trkpt>
      <trkpt lat="18.838953422382474" lon="98.90812165103853">
        <ele>1268.22</ele>
      </trkpt>
      <trkpt lat="18.838929953053594" lon="98.90818426385522">
        <ele>1265.93</ele>
      </trkpt>
      <trkpt lat="18.838842948898673" lon="98.908247128129">
        <ele>1263.64</ele>
      </trkpt>
      <trkpt lat="18.83881688117981" lon="98.9082907140255">
        <ele>1261.39</ele>
      </trkpt>
      <trkpt lat="18.838822999969125" lon="98.9083681628108">
        <ele>1259.08</ele>
      </trkpt>
      <trkpt lat="18.83874219842255" lon="98.90844200737774">
        <ele>1256.74</ele>
      </trkpt>
      <trkpt lat="18.83868201635778" lon="98.90846916474402">
        <ele>1254.48</ele>
      </trkpt>
      <trkpt lat="18.83856517262757" lon="98.90848609618843">
        <ele>1252.21</ele>
      </trkpt>
      <trkpt lat="18.838497195392847" lon="98.90852373093367">
        <ele>1249.97</ele>
      </trkpt>
      <trkpt lat="18.83849241770804" lon="98.90856488607824">
        <ele>1247.75</ele>
      </trkpt>
      <trkpt lat="18.838444305583835" lon="98.9086047001183">
        <ele>1245.51</ele>
      </trkpt>
      <trkpt lat="18.83845536969602" lon="98.90864191576838">
        <ele>1243.33</ele>
      </trkpt>
      <trkpt lat="18.838410107418895" lon="98.90873621217906">
        <ele>1241.07</ele>
      </trkpt>
      <trkpt lat="18.838434917852283" lon="98.90882883220911">
        <ele>1238.92</ele>
      </trkpt>
      <trkpt lat="18.838410694152117" lon="98.90894282609224">
        <ele>1236.71</ele>
      </trkpt>
      <trkpt lat="18.838419327512383" lon="98.90900049358606">
        <ele>1234.59</ele>
      </trkpt>
      <trkpt lat="18.83839820511639" lon="98.90904231928289">
        <ele>1232.44</ele>
      </trkpt>
      <trkpt lat="18.83824766613543" lon="98.90904936008155">
        <ele>1230.15</ele>
      </trkpt>
      <trkpt lat="18.838191842660308" lon="98.90909872949123">
        <ele>1227.99</ele>
      </trkpt>
      <trkpt lat="18.83808488957584" lon="98.90910962596536">
        <ele>1225.81</ele>
      </trkpt>
      <trkpt lat="18.83786855265498" lon="98.90929771587253">
        <ele>1223.37</ele>
      </trkpt>
      <trkpt lat="18.837871737778187" lon="98.90938203781843">
        <ele>1221.4</ele>
      </trkpt>
      <trkpt lat="18.83781122043729" lon="98.90947725623846">
        <ele>1219.38</ele>
      </trkpt>
      <trkpt lat="18.837803173810244" lon="98.90957993455231">
        <ele>1217.45</ele>
      </trkpt>
      <trkpt lat="18.837846340611577" lon="98.9097844529897">
        <ele>1215.6</ele>
      </trkpt>
      <trkpt lat="18.8378313370049" lon="98.9098639972508">
        <ele>1213.74</ele>
      </trkpt>
      <trkpt lat="18.837800910696387" lon="98.90988193452358">
        <ele>1211.91</ele>
      </trkpt>
      <trkpt lat="18.837808119133115" lon="98.90992149710655">
        <ele>1210.14</ele>
      </trkpt>
      <trkpt lat="18.83779663592577" lon="98.90994622372091">
        <ele>1208.39</ele>
      </trkpt>
      <trkpt lat="18.837818261235952" lon="98.9099549409002">
        <ele>1206.73</ele>
      </trkpt>
      <trkpt lat="18.837827229872346" lon="98.91006625257432">
        <ele>1204.99</ele>
      </trkpt>
      <trkpt lat="18.837866624817252" lon="98.91007572412491">
        <ele>1203.41</ele>
      </trkpt>
      <trkpt lat="18.837890597060323" lon="98.91010271385312">
        <ele>1201.81</ele>
      </trkpt>
      <trkpt lat="18.837906690314412" lon="98.91023464500904">
        <ele>1200.13</ele>
      </trkpt>
      <trkpt lat="18.837976260110736" lon="98.91037437133491">
        <ele>1198.52</ele>
      </trkpt>
      <trkpt lat="18.837952371686697" lon="98.91046305187047">
        <ele>1196.89</ele>
      </trkpt>
      <trkpt lat="18.837959580123425" lon="98.91051786951721">
        <ele>1195.34</ele>
      </trkpt>
      <trkpt lat="18.8378728274256" lon="98.91064309515059">
        <ele>1193.67</ele>
      </trkpt>
      <trkpt lat="18.837875090539455" lon="98.91079547815025">
        <ele>1192.1</ele>
      </trkpt>
      <trkpt lat="18.837830163538456" lon="98.91093604266644">
        <ele>1190.5</ele>
      </trkpt>
      <trkpt lat="18.837834019213915" lon="98.91100117005408">
        <ele>1188.96</ele>
      </trkpt>
      <trkpt lat="18.83780837059021" lon="98.91102958470583">
        <ele>1187.43</ele>
      </trkpt>
      <trkpt lat="18.83778632618487" lon="98.91110301017761">
        <ele>1185.87</ele>
      </trkpt>
      <trkpt lat="18.837779872119427" lon="98.91118934378028">
        <ele>1184.34</ele>
      </trkpt>
      <trkpt lat="18.83773854933679" lon="98.91124349087477">
        <ele>1182.79</ele>
      </trkpt>
      <trkpt lat="18.837744500488043" lon="98.9113263040781">
        <ele>1181.28</ele>
      </trkpt>
      <trkpt lat="18.837717762216926" lon="98.91137860715389">
        <ele>1179.76</ele>
      </trkpt>
      <trkpt lat="18.837669901549816" lon="98.91141213476658">
        <ele>1178.23</ele>
      </trkpt>
      <trkpt lat="18.837677612900734" lon="98.91145270317793">
        <ele>1176.76</ele>
      </trkpt>
      <trkpt lat="18.83765204809606" lon="98.91151892021298">
        <ele>1175.23</ele>
      </trkpt>
      <trkpt lat="18.837609384208918" lon="98.91155672259629">
        <ele>1173.74</ele>
      </trkpt>
      <trkpt lat="18.83761927485466" lon="98.9116080198437">
        <ele>1172.29</ele>
      </trkpt>
      <trkpt lat="18.83760217577219" lon="98.91169141978025">
        <ele>1170.79</ele>
      </trkpt>
      <trkpt lat="18.837643414735794" lon="98.9117597322911">
        <ele>1169.36</ele>
      </trkpt>
      <trkpt lat="18.837598990648985" lon="98.91182301566005">
        <ele>1167.84</ele>
      </trkpt>
      <trkpt lat="18.83761189877987" lon="98.91185453161597">
        <ele>1166.39</ele>
      </trkpt>
      <trkpt lat="18.837593039497733" lon="98.91189618967474">
        <ele>1164.9</ele>
      </trkpt>
      <trkpt lat="18.837607204914093" lon="98.91196181997657">
        <ele>1163.41</ele>
      </trkpt>
      <trkpt lat="18.837593961507082" lon="98.91201571561396">
        <ele>1161.91</ele>
      </trkpt>
      <trkpt lat="18.83760125376284" lon="98.9120675995946">
        <ele>1160.44</ele>
      </trkpt>
      <trkpt lat="18.837530007585883" lon="98.9121587947011">
        <ele>1158.82</ele>
      </trkpt>
      <trkpt lat="18.83754886686802" lon="98.9122676756233">
        <ele>1157.29</ele>
      </trkpt>
      <trkpt lat="18.837592285126448" lon="98.91236322931945">
        <ele>1155.83</ele>
      </trkpt>
      <trkpt lat="18.837576946243644" lon="98.91241159290075">
        <ele>1154.35</ele>
      </trkpt>
      <trkpt lat="18.83757669478655" lon="98.91251603141427">
        <ele>1152.87</ele>
      </trkpt>
      <trkpt lat="18.837615670636296" lon="98.91258995980024">
        <ele>1151.47</ele>
      </trkpt>
      <trkpt lat="18.837610222399235" lon="98.9126062206924">
        <ele>1150.06</ele>
      </trkpt>
      <trkpt lat="18.837633607909083" lon="98.91266380436718">
        <ele>1148.67</ele>
      </trkpt>
      <trkpt lat="18.837607372552156" lon="98.9127788040787">
        <ele>1147.15</ele>
      </trkpt>
      <trkpt lat="18.8376119825989" lon="98.9128686580807">
        <ele>1145.7</ele>
      </trkpt>
      <trkpt lat="18.83765892125666" lon="98.91296991147101">
        <ele>1144.3</ele>
      </trkpt>
      <trkpt lat="18.837662022560835" lon="98.91300125978887">
        <ele>1142.91</ele>
      </trkpt>
      <trkpt lat="18.83763637393713" lon="98.91302950680256">
        <ele>1141.49</ele>
      </trkpt>
      <trkpt lat="18.837637966498733" lon="98.91305917873979">
        <ele>1140.11</ele>
      </trkpt>
      <trkpt lat="18.83770720101893" lon="98.91320385038853">
        <ele>1138.72</ele>
      </trkpt>
      <trkpt lat="18.837724048644304" lon="98.91328238882124">
        <ele>1137.32</ele>
      </trkpt>
      <trkpt lat="18.837797809392214" lon="98.91336469911039">
        <ele>1136.0</ele>
      </trkpt>
      <trkpt lat="18.837839299812913" lon="98.91350040212274">
        <ele>1134.62</ele>
      </trkpt>
      <trkpt lat="18.837924040853977" lon="98.91361305490136">
        <ele>1133.28</ele>
      </trkpt>
      <trkpt lat="18.837865367531776" lon="98.91366166993976">
        <ele>1131.84</ele>
      </trkpt>
      <trkpt lat="18.837804263457656" lon="98.91385152004659">
        <ele>1130.3</ele>
      </trkpt>
      <trkpt lat="18.837785152718425" lon="98.91386727802455">
        <ele>1128.87</ele>
      </trkpt>
      <trkpt lat="18.837706111371517" lon="98.914032317698">
        <ele>1127.33</ele>
      </trkpt>
      <trkpt lat="18.83747711777687" lon="98.91421906650066">
        <ele>1125.71</ele>
      </trkpt>
      <trkpt lat="18.837383911013603" lon="98.91435108147562">
        <ele>1124.32</ele>
      </trkpt>
      <trkpt lat="18.837189618498087" lon="98.91442115418613">
        <ele>1122.88</ele>
      </trkpt>
      <trkpt lat="18.8369161169976" lon="98.9144311286509">
        <ele>1121.32</ele>
      </trkpt>
      <trkpt lat="18.836710089817643" lon="98.91449466347694">
        <ele>1119.69</ele>
      </trkpt>
      <trkpt lat="18.836524430662394" lon="98.91462818719447">
        <ele>1118.15</ele>
      </trkpt>
      <trkpt lat="18.836498614400625" lon="98.9146747905761">
        <ele>1116.74</ele>
      </trkpt>
      <trkpt lat="18.83649635128677" lon="98.91474972479045">
        <ele>1115.38</ele>
      </trkpt>
      <trkpt lat="18.83646466769278" lon="98.91480035148561">
        <ele>1113.99</ele>
      </trkpt>
      <trkpt lat="18.83641093969345" lon="98.91481225378811">
        <ele>1112.58</ele>
      </trkpt>
      <trkpt lat="18.83632628247142" lon="98.91489104367793">
        <ele>1111.15</ele>
      </trkpt>
      <trkpt lat="18.836317816749215" lon="98.91492096707225">
        <ele>1109.8</ele>
      </trkpt>
      <trkpt lat="18.836090499535203" lon="98.91503630205989">
        <ele>1108.26</ele>
      </trkpt>
      <trkpt lat="18.836052026599646" lon="98.91510578803718">
        <ele>1106.91</ele>
      </trkpt>
      <trkpt lat="18.83604934439063" lon="98.91514711081982">
        <ele>1105.59</ele>
      </trkpt>
      <trkpt lat="18.835934763774276" lon="98.91524568200111">
        <ele>1104.14</ele>
      </trkpt>
      <trkpt lat="18.83592864498496" lon="98.91532463952899">
        <ele>1102.81</ele>
      </trkpt>
      <trkpt lat="18.835941134020686" lon="98.91535917297006">
        <ele>1101.53</ele>
      </trkpt>
      <trkpt lat="18.835918670520186" lon="98.91542907804251">
        <ele>1100.21</ele>
      </trkpt>
      <trkpt lat="18.835889250040054" lon="98.91544726677239">
        <ele>1098.9</ele>
      </trkpt>
      <trkpt lat="18.83588271215558" lon="98.91548062674701">
        <ele>1097.61</ele>
      </trkpt>
      <trkpt lat="18.835834180936217" lon="98.91551926732063">
        <ele>1096.27</ele>
      </trkpt>
      <trkpt lat="18.83581230416894" lon="98.91556662507355">
        <ele>1094.95</ele>
      </trkpt>
      <trkpt lat="18.835708368569613" lon="98.91561130061746">
        <ele>1093.55</ele>
      </trkpt>
      <trkpt lat="18.835700824856758" lon="98.9156904257834">
        <ele>1092.22</ele>
      </trkpt>
      <trkpt lat="18.835664447396994" lon="98.91573837026954">
        <ele>1090.85</ele>
      </trkpt>
      <trkpt lat="18.835643660277128" lon="98.91581925563514">
        <ele>1089.47</ele>
      </trkpt>
      <trkpt lat="18.835620693862438" lon="98.91584456898272">
        <ele>1088.05</ele>
      </trkpt>
      <trkpt lat="18.83558171801269" lon="98.915945738554">
        <ele>1086.6</ele>
      </trkpt>
      <trkpt lat="18.835671739652753" lon="98.91601069830358">
        <ele>1085.22</ele>
      </trkpt>
      <trkpt lat="18.835725216194987" lon="98.91608295030892">
        <ele>1083.73</ele>
      </trkpt>
      <trkpt lat="18.83576192893088" lon="98.91609250567853">
        <ele>1082.2</ele>
      </trkpt>
      <trkpt lat="18.835793528705835" lon="98.91613961197436">
        <ele>1080.62</ele>
      </trkpt>
      <trkpt lat="18.835837533697486" lon="98.91616517677903">
        <ele>1078.99</ele>
      </trkpt>
      <trkpt lat="18.835899140685797" lon="98.91618219204247">
        <ele>1077.32</ele>
      </trkpt>
      <trkpt lat="18.83603559806943" lon="98.9161820244044">
        <ele>1075.52</ele>
      </trkpt>
      <trkpt lat="18.836197452619672" lon="98.91613030806184">
        <ele>1073.67</ele>
      </trkpt>
      <trkpt lat="18.836408089846373" lon="98.91623164527118">
        <ele>1071.6</ele>
      </trkpt>
      <trkpt lat="18.83658486418426" lon="98.91629241406918">
        <ele>1069.58</ele>
      </trkpt>
      <trkpt lat="18.83674898184836" lon="98.91641965135932">
        <ele>1067.43</ele>
      </trkpt>
      <trkpt lat="18.836927181109786" lon="98.91652568243444">
        <ele>1065.34</ele>
      </trkpt>
      <trkpt lat="18.83697336539626" lon="98.91653439961374">
        <ele>1063.33</ele>
      </trkpt>
      <trkpt lat="18.837154330685735" lon="98.91675299964845">
        <ele>1061.1</ele>
      </trkpt>
      <trkpt lat="18.83723957464099" lon="98.91680329106748">
        <ele>1059.01</ele>
      </trkpt>
      <trkpt lat="18.837321465834975" lon="98.91691041179001">
        <ele>1056.81</ele>
      </trkpt>
      <trkpt lat="18.83746094070375" lon="98.91699054278433">
        <ele>1054.62</ele>
      </trkpt>
      <trkpt lat="18.837640648707747" lon="98.91701082699001">
        <ele>1052.49</ele>
      </trkpt>
      <trkpt lat="18.83774969726801" lon="98.91705147922039">
        <ele>1050.29</ele>
      </trkpt>
      <trkpt lat="18.837793869897723" lon="98.91709975898266">
        <ele>1048.1</ele>
      </trkpt>
      <trkpt lat="18.83783963508904" lon="98.91720914281905">
        <ele>1045.87</ele>
      </trkpt>
      <trkpt lat="18.837896548211575" lon="98.91728709451854">
        <ele>1043.69</ele>
      </trkpt>
      <trkpt lat="18.838018672540784" lon="98.91740871593356">
        <ele>1041.44</ele>
      </trkpt>
      <trkpt lat="18.838141383603215" lon="98.91753084026277">
        <ele>1039.17</ele>
      </trkpt>
      <trkpt lat="18.838374903425574" lon="98.91771113499999">
        <ele>1036.83</ele>
      </trkpt>
      <trkpt lat="18.838552683591843" lon="98.91787835396826">
        <ele>1034.47</ele>
      </trkpt>
      <trkpt lat="18.838652344420552" lon="98.91800131648779">
        <ele>1032.37</ele>
      </trkpt>
      <trkpt lat="18.83869760669768" lon="98.9180246181786">
        <ele>1030.51</ele>
      </trkpt>
      <trkpt lat="18.838768852874637" lon="98.91800207085907">
        <ele>1028.79</ele>
      </trkpt>
      <trkpt lat="18.838876895606518" lon="98.91793887130916">
        <ele>1027.25</ele>
      </trkpt>
      <trkpt lat="18.838981837034225" lon="98.91790509223938">
        <ele>1025.75</ele>
      </trkpt>
      <trkpt lat="18.83917068131268" lon="98.91797248274088">
        <ele>1024.11</ele>
      </trkpt>
      <trkpt lat="18.839371763169765" lon="98.9180111233145">
        <ele>1022.65</ele>
      </trkpt>
      <trkpt lat="18.839477794244885" lon="98.91805169172585">
        <ele>1021.35</ele>
      </trkpt>
      <trkpt lat="18.83951366879046" lon="98.91808060929179">
        <ele>1020.13</ele>
      </trkpt>
      <trkpt lat="18.839570581912994" lon="98.91817373223603">
        <ele>1018.97</ele>
      </trkpt>
      <trkpt lat="18.839613161981106" lon="98.91818353906274">
        <ele>1017.96</ele>
      </trkpt>
      <trkpt lat="18.839595476165414" lon="98.91822880133986">
        <ele>1016.99</ele>
      </trkpt>
      <trkpt lat="18.839610647410154" lon="98.9182751532644">
        <ele>1016.12</ele>
      </trkpt>
      <trkpt lat="18.839583322405815" lon="98.91827465035021">
        <ele>1015.35</ele>
      </trkpt>
      <trkpt lat="18.839518362656236" lon="98.91836483962834">
        <ele>1014.58</ele>
      </trkpt>
      <trkpt lat="18.839458599686623" lon="98.91840909607708">
        <ele>1013.95</ele>
      </trkpt>
      <trkpt lat="18.839330691844225" lon="98.9186861179769">
        <ele>1013.31</ele>
      </trkpt>
      <trkpt lat="18.839261205866933" lon="98.9187574479729">
        <ele>1012.87</ele>
      </trkpt>
      <trkpt lat="18.839154755696654" lon="98.91893019899726">
        <ele>1012.58</ele>
      </trkpt>
      <trkpt lat="18.83911292999983" lon="98.91897328197956">
        <ele>1012.32</ele>
      </trkpt>
      <trkpt lat="18.83905626833439" lon="98.91900228336453">
        <ele>1012.13</ele>
      </trkpt>
      <trkpt lat="18.838996505364776" lon="98.91909331083298">
        <ele>1011.98</ele>
      </trkpt>
      <trkpt lat="18.838935988023877" lon="98.9193423371762">
        <ele>1011.9</ele>
      </trkpt>
      <trkpt lat="18.838892905041575" lon="98.91946194693446">
        <ele>1011.89</ele>
      </trkpt>
      <trkpt lat="18.83889407850802" lon="98.9196343626827">
        <ele>1011.91</ele>
      </trkpt>
      <trkpt lat="18.838872956112027" lon="98.9196916949004">
        <ele>1011.97</ele>
      </trkpt>
      <trkpt lat="18.83887513540685" lon="98.9198399707675">
        <ele>1012.06</ele>
      </trkpt>
      <trkpt lat="18.838808415457606" lon="98.9201330859214">
        <ele>1012.29</ele>
      </trkpt>
      <trkpt lat="18.838798692449927" lon="98.92014104872942">
        <ele>1012.38</ele>
      </trkpt>
      <trkpt lat="18.8387793302536" lon="98.92011975869536">
        <ele>1012.45</ele>
      </trkpt>
      <trkpt lat="18.83875384926796" lon="98.92012311145663">
        <ele>1012.55</ele>
      </trkpt>
      <trkpt lat="18.838730631396174" lon="98.92015119083226">
        <ele>1012.65</ele>
      </trkpt>
      <trkpt lat="18.838643543422222" lon="98.92017818056047">
        <ele>1012.77</ele>
      </trkpt>
      <trkpt lat="18.838596688583493" lon="98.92016284167767">
        <ele>1012.84</ele>
      </trkpt>
      <trkpt lat="18.83857992477715" lon="98.92017549835145">
        <ele>1012.86</ele>
      </trkpt>
      <trkpt lat="18.838521083816886" lon="98.92016761936247">
        <ele>1012.88</ele>
      </trkpt>
      <trkpt lat="18.838503062725067" lon="98.92017792910337">
        <ele>1012.83</ele>
      </trkpt>
      <trkpt lat="18.838438438251615" lon="98.92023241147399">
        <ele>1012.7</ele>
      </trkpt>
      <trkpt lat="18.838428044691682" lon="98.92026225104928">
        <ele>1012.54</ele>
      </trkpt>
      <trkpt lat="18.83840784430504" lon="98.92026602290571">
        <ele>1012.37</ele>
      </trkpt>
      <trkpt lat="18.838255712762475" lon="98.92040876671672">
        <ele>1012.0</ele>
      </trkpt>
      <trkpt lat="18.838141383603215" lon="98.92047523520887">
        <ele>1011.63</ele>
      </trkpt>
      <trkpt lat="18.8380092009902" lon="98.92064463347197">
        <ele>1010.97</ele>
      </trkpt>
      <trkpt lat="18.837941139936447" lon="98.92064664512873">
        <ele>1010.58</ele>
      </trkpt>
      <trkpt lat="18.83786888793111" lon="98.92069869674742">
        <ele>1010.04</ele>
      </trkpt>
      <trkpt lat="18.837825637310743" lon="98.9206981100142">
        <ele>1009.64</ele>
      </trkpt>
      <trkpt lat="18.837796552106738" lon="98.92071479000151">
        <ele>1009.21</ele>
      </trkpt>
      <trkpt lat="18.837751289829612" lon="98.92069601453841">
        <ele>1008.82</ele>
      </trkpt>
      <trkpt lat="18.837663447484374" lon="98.92075762152672">
        <ele>1008.21</ele>
      </trkpt>
      <trkpt lat="18.837586920708418" lon="98.92078176140785">
        <ele>1007.75</ele>
      </trkpt>
      <trkpt lat="18.837539898231626" lon="98.92077019438148">
        <ele>1007.39</ele>
      </trkpt>
      <trkpt lat="18.837467143312097" lon="98.92072183080018">
        <ele>1007.08</ele>
      </trkpt>
      <trkpt lat="18.83735205978155" lon="98.92072157934308">
        <ele>1006.72</ele>
      </trkpt>
      <trkpt lat="18.83731392212212" lon="98.92069048248231">
        <ele>1006.35</ele>
      </trkpt>
      <trkpt lat="18.8372821547091" lon="98.92069090157747">
        <ele>1005.96</ele>
      </trkpt>
      <trkpt lat="18.837177213281393" lon="98.92076675780118">
        <ele>1005.6</ele>
      </trkpt>
      <trkpt lat="18.83711703121662" lon="98.92084948718548">
        <ele>1005.17</ele>
      </trkpt>
      <trkpt lat="18.83710873313248" lon="98.92090681940317">
        <ele>1004.66</ele>
      </trkpt>
      <trkpt lat="18.837119210511446" lon="98.92098862677813">
        <ele>1004.08</ele>
      </trkpt>
      <trkpt lat="18.83716581389308" lon="98.92105970531702">
        <ele>1003.44</ele>
      </trkpt>
      <trkpt lat="18.83710328489542" lon="98.9211299456656">
        <ele>1002.99</ele>
      </trkpt>
      <trkpt lat="18.837089454755187" lon="98.92118057236075">
        <ele>1002.43</ele>
      </trkpt>
      <trkpt lat="18.837198335677385" lon="98.92138224095106">
        <ele>1001.53</ele>
      </trkpt>
      <trkpt lat="18.837228678166866" lon="98.92149321734905">
        <ele>1000.8</ele>
      </trkpt>
      <trkpt lat="18.837212333455682" lon="98.92157670110464">
        <ele>1000.12</ele>
      </trkpt>
      <trkpt lat="18.83721903897822" lon="98.92162422649562">
        <ele>999.37</ele>
      </trkpt>
      <trkpt lat="18.83717805147171" lon="98.9216786250472">
        <ele>998.69</ele>
      </trkpt>
      <trkpt lat="18.83716489188373" lon="98.92184249125421">
        <ele>997.79</ele>
      </trkpt>
      <trkpt lat="18.83713354356587" lon="98.92188163474202">
        <ele>996.99</ele>
      </trkpt>
      <trkpt lat="18.837093645706773" lon="98.92199780791998">
        <ele>996.19</ele>
      </trkpt>
      <trkpt lat="18.83707000873983" lon="98.92202538438141">
        <ele>995.31</ele>
      </trkpt>
      <trkpt lat="18.837057603523135" lon="98.92208866775036">
        <ele>994.32</ele>
      </trkpt>
      <trkpt lat="18.837018040940166" lon="98.92211456783116">
        <ele>993.36</ele>
      </trkpt>
      <trkpt lat="18.837029272690415" lon="98.92212001606822">
        <ele>992.2</ele>
      </trkpt>
      <trkpt lat="18.837017035111785" lon="98.9221558906138">
        <ele>991.0</ele>
      </trkpt>
      <trkpt lat="18.83693028241396" lon="98.92231338657439">
        <ele>989.75</ele>
      </trkpt>
      <trkpt lat="18.836914775893092" lon="98.92237013205886">
        <ele>988.34</ele>
      </trkpt>
      <trkpt lat="18.836920810863376" lon="98.92241338267922">
        <ele>986.83</ele>
      </trkpt>
      <trkpt lat="18.836899185553193" lon="98.92242419533432">
        <ele>985.35</ele>
      </trkpt>
      <trkpt lat="18.83693564683199" lon="98.92252217978239">
        <ele>983.56</ele>
      </trkpt>
      <trkpt lat="18.83692936040461" lon="98.92259133048356">
        <ele>981.81</ele>
      </trkpt>
      <trkpt lat="18.836942268535495" lon="98.92267766408622">
        <ele>979.9</ele>
      </trkpt>
      <trkpt lat="18.83686968125403" lon="98.92285251058638">
        <ele>977.97</ele>
      </trkpt>
      <trkpt lat="18.836844954639673" lon="98.92286801710725">
        <ele>976.07</ele>
      </trkpt>
      <trkpt lat="18.83684487082064" lon="98.92291235737503">
        <ele>973.99</ele>
      </trkpt>
      <trkpt lat="18.836811427026987" lon="98.92297036014497">
        <ele>971.85</ele>
      </trkpt>
      <trkpt lat="18.836753088980913" lon="98.92302366904914">
        <ele>969.65</ele>
      </trkpt>
      <trkpt lat="18.836667258292437" lon="98.92315333709121">
        <ele>967.29</ele>
      </trkpt>
      <trkpt lat="18.836648734286427" lon="98.92322743311524">
        <ele>964.87</ele>
      </trkpt>
      <trkpt lat="18.83658721111715" lon="98.92336280085146">
        <ele>962.33</ele>
      </trkpt>
      <trkpt lat="18.836557874456048" lon="98.92349632456899">
        <ele>959.76</ele>
      </trkpt>
      <trkpt lat="18.83651646785438" lon="98.92354619689286">
        <ele>957.33</ele>
      </trkpt>
      <trkpt lat="18.836493836715817" lon="98.92363320104778">
        <ele>954.74</ele>
      </trkpt>
      <trkpt lat="18.836494255810976" lon="98.92375121824443">
        <ele>952.05</ele>
      </trkpt>
      <trkpt lat="18.83642208762467" lon="98.92402136698365">
        <ele>949.51</ele>
      </trkpt>
      <trkpt lat="18.836420327425003" lon="98.9242086187005">
        <ele>946.94</ele>
      </trkpt>
      <trkpt lat="18.836372634395957" lon="98.92437198199332">
        <ele>944.27</ele>
      </trkpt>
      <trkpt lat="18.83631178177893" lon="98.9244573097676">
        <ele>941.61</ele>
      </trkpt>
      <trkpt lat="18.836224861443043" lon="98.92453450709581">
        <ele>938.88</ele>
      </trkpt>
      <trkpt lat="18.83612360805273" lon="98.92468621954322">
        <ele>936.08</ele>
      </trkpt>
      <trkpt lat="18.83601112291217" lon="98.92479996196926">
        <ele>933.36</ele>
      </trkpt>
      <trkpt lat="18.835999807342887" lon="98.92501621507108">
        <ele>930.59</ele>
      </trkpt>
      <trkpt lat="18.836010871455073" lon="98.9250619802624">
        <ele>928.1</ele>
      </trkpt>
      <trkpt lat="18.836035430431366" lon="98.92510782927275">
        <ele>925.68</ele>
      </trkpt>
      <trkpt lat="18.836106676608324" lon="98.92515426501632">
        <ele>923.38</ele>
      </trkpt>
      <trkpt lat="18.836178593337536" lon="98.92525484785438">
        <ele>921.11</ele>
      </trkpt>
      <trkpt lat="18.836222179234028" lon="98.92542751505971">
        <ele>918.79</ele>
      </trkpt>
      <trkpt lat="18.83626584894955" lon="98.92559993080795">
        <ele>916.52</ele>
      </trkpt>
      <trkpt lat="18.8362339977175" lon="98.92573127523065">
        <ele>914.39</ele>
      </trkpt>
      <trkpt lat="18.836231818422675" lon="98.9258146751672">
        <ele>912.36</ele>
      </trkpt>
      <trkpt lat="18.836308680474758" lon="98.92593034543097">
        <ele>910.36</ele>
      </trkpt>
      <trkpt lat="18.836324689909816" lon="98.92609161324799">
        <ele>908.48</ele>
      </trkpt>
      <trkpt lat="18.836375903338194" lon="98.92615397460759">
        <ele>906.73</ele>
      </trkpt>
      <trkpt lat="18.836395097896457" lon="98.92624885775149">
        <ele>905.05</ele>
      </trkpt>
      <trkpt lat="18.836454609408975" lon="98.92636486329138">
        <ele>903.44</ele>
      </trkpt>
      <trkpt lat="18.83645536378026" lon="98.92639973200858">
        <ele>901.95</ele>
      </trkpt>
      <trkpt lat="18.836485538631678" lon="98.92644189298153">
        <ele>900.53</ele>
      </trkpt>
      <trkpt lat="18.83648914285004" lon="98.92646200954914">
        <ele>899.2</ele>
      </trkpt>
      <trkpt lat="18.836431810632348" lon="98.92651833593845">
        <ele>897.89</ele>
      </trkpt>
      <trkpt lat="18.836425775662065" lon="98.92662436701357">
        <ele>896.62</ele>
      </trkpt>
      <trkpt lat="18.836388224735856" lon="98.92672411166131">
        <ele>895.39</ele>
      </trkpt>
      <trkpt lat="18.83637028746307" lon="98.92682243138552">
        <ele>894.22</ele>
      </trkpt>
      <trkpt lat="18.836381351575255" lon="98.92692770808935">
        <ele>893.13</ele>
      </trkpt>
      <trkpt lat="18.836357882246375" lon="98.9270531013608">
        <ele>891.99</ele>
      </trkpt>
      <trkpt lat="18.836374897509813" lon="98.92721093259752">
        <ele>891.0</ele>
      </trkpt>
      <trkpt lat="18.836413705721498" lon="98.92734889872372">
        <ele>890.04</ele>
      </trkpt>
      <trkpt lat="18.836568435654044" lon="98.92759557813406">
        <ele>889.22</ele>
      </trkpt>
      <trkpt lat="18.836685866117477" lon="98.92783102579415">
        <ele>888.42</ele>
      </trkpt>
      <trkpt lat="18.836714196950197" lon="98.92793437466025">
        <ele>887.5</ele>
      </trkpt>
      <trkpt lat="18.83670506067574" lon="98.92802875488997">
        <ele>886.5</ele>
      </trkpt>
      <trkpt lat="18.83673096075654" lon="98.92819496802986">
        <ele>885.51</ele>
      </trkpt>
      <trkpt lat="18.8367020431906" lon="98.92831390723586">
        <ele>884.38</ele>
      </trkpt>
      <trkpt lat="18.836705312132835" lon="98.92837987281382">
        <ele>883.28</ele>
      </trkpt>
      <trkpt lat="18.836794830858707" lon="98.92861817032099">
        <ele>882.17</ele>
      </trkpt>
      <trkpt lat="18.83683104068041" lon="98.9287817850709">
        <ele>880.93</ele>
      </trkpt>
      <trkpt lat="18.836815701797605" lon="98.92889779061079">
        <ele>879.6</ele>
      </trkpt>
      <trkpt lat="18.83683456107974" lon="98.92900868318975">
        <ele>878.23</ele>
      </trkpt>
      <trkpt lat="18.836853001266718" lon="98.92903936095536">
        <ele>876.83</ele>
      </trkpt>
      <trkpt lat="18.836855934932828" lon="98.92911530099809">
        <ele>875.3</ele>
      </trkpt>
      <trkpt lat="18.836804386228323" lon="98.92925452440977">
        <ele>873.64</ele>
      </trkpt>
      <trkpt lat="18.83680472150445" lon="98.92936801537871">
        <ele>871.94</ele>
      </trkpt>
      <trkpt lat="18.836714029312134" lon="98.9294530916959">
        <ele>870.12</ele>
      </trkpt>
      <trkpt lat="18.836655355989933" lon="98.9296243339777">
        <ele>868.14</ele>
      </trkpt>
      <trkpt lat="18.836635490879416" lon="98.92966758459806">
        <ele>866.27</ele>
      </trkpt>
      <trkpt lat="18.836603723466396" lon="98.92968862317502">
        <ele>864.33</ele>
      </trkpt>
      <trkpt lat="18.836581176146865" lon="98.92974637448788">
        <ele>862.32</ele>
      </trkpt>
      <trkpt lat="18.836596682667732" lon="98.92984519712627">
        <ele>860.28</ele>
      </trkpt>
      <trkpt lat="18.83655552752316" lon="98.92990873195231">
        <ele>858.14</ele>
      </trkpt>
      <trkpt lat="18.83654278703034" lon="98.92997880466282">
        <ele>856.01</ele>
      </trkpt>
      <trkpt lat="18.836550246924162" lon="98.93010361120105">
        <ele>853.83</ele>
      </trkpt>
      <trkpt lat="18.83643918670714" lon="98.93031424842775">
        <ele>851.42</ele>
      </trkpt>
      <trkpt lat="18.836396019905806" lon="98.93034056760371">
        <ele>849.2</ele>
      </trkpt>
      <trkpt lat="18.83637716062367" lon="98.93037166446447">
        <ele>846.99</ele>
      </trkpt>
      <trkpt lat="18.836369952186942" lon="98.93041818402708">
        <ele>844.75</ele>
      </trkpt>
      <trkpt lat="18.836303986608982" lon="98.93046637997031">
        <ele>842.42</ele>
      </trkpt>
      <trkpt lat="18.836289988830686" lon="98.93055229447782">
        <ele>840.1</ele>
      </trkpt>
      <trkpt lat="18.836308093741536" lon="98.93063770607114">
        <ele>837.8</ele>
      </trkpt>
      <trkpt lat="18.836275907233357" lon="98.93070677295327">
        <ele>835.5</ele>
      </trkpt>
      <trkpt lat="18.836253779008985" lon="98.9307039231062">
        <ele>833.31</ele>
      </trkpt>
      <trkpt lat="18.836139366030693" lon="98.9308141451329">
        <ele>830.93</ele>
      </trkpt>
      <trkpt lat="18.83614221587777" lon="98.93088539130986">
        <ele>828.71</ele>
      </trkpt>
      <trkpt lat="18.836128721013665" lon="98.93090810626745">
        <ele>826.56</ele>
      </trkpt>
      <trkpt lat="18.83613718673587" lon="98.93095781095326">
        <ele>824.43</ele>
      </trkpt>
      <trkpt lat="18.8361753243953" lon="98.93099904991686">
        <ele>822.4</ele>
      </trkpt>
      <trkpt lat="18.836193345487118" lon="98.93109812401235">
        <ele>820.31</ele>
      </trkpt>
      <trkpt lat="18.836172139272094" lon="98.93115838989615">
        <ele>818.27</ele>
      </trkpt>
      <trkpt lat="18.836183538660407" lon="98.93122594803572">
        <ele>816.31</ele>
      </trkpt>
      <trkpt lat="18.836160488426685" lon="98.93129191361368">
        <ele>814.4</ele>
      </trkpt>
      <trkpt lat="18.83600492030382" lon="98.93139668740332">
        <ele>812.39</ele>
      </trkpt>
      <trkpt lat="18.835944067686796" lon="98.93149014562368">
        <ele>810.57</ele>
      </trkpt>
      <trkpt lat="18.835801826789975" lon="98.93162400461733">
        <ele>808.78</ele>
      </trkpt>
      <trkpt lat="18.835771651938558" lon="98.9316979330033">
        <ele>807.14</ele>
      </trkpt>
      <trkpt lat="18.835732340812683" lon="98.93173481337726">
        <ele>805.58</ele>
      </trkpt>
      <trkpt lat="18.83569059893489" lon="98.93172492273152">
        <ele>804.1</ele>
      </trkpt>
      <trkpt lat="18.83566956035793" lon="98.93174185417593">
        <ele>802.69</ele>
      </trkpt>
      <trkpt lat="18.835629243403673" lon="98.9317364897579">
        <ele>801.33</ele>
      </trkpt>
      <trkpt lat="18.835559841245413" lon="98.93176004290581">
        <ele>800.03</ele>
      </trkpt>
      <trkpt lat="18.83550309576094" lon="98.93179055303335">
        <ele>798.81</ele>
      </trkpt>
      <trkpt lat="18.83547375909984" lon="98.93182994797826">
        <ele>797.65</ele>
      </trkpt>
      <trkpt lat="18.835409302264452" lon="98.93186138011515">
        <ele>796.55</ele>
      </trkpt>
      <trkpt lat="18.835347779095173" lon="98.9318620506674">
        <ele>795.5</ele>
      </trkpt>
      <trkpt lat="18.835240826010704" lon="98.93181117251515">
        <ele>794.49</ele>
      </trkpt>
      <trkpt lat="18.835169998928905" lon="98.93182156607509">
        <ele>793.53</ele>
      </trkpt>
      <trkpt lat="18.835124988108873" lon="98.93185190856457">
        <ele>792.63</ele>
      </trkpt>
      <trkpt lat="18.83500370196998" lon="98.93187663517892">
        <ele>791.77</ele>
      </trkpt>
      <trkpt lat="18.83492893539369" lon="98.93191007897258">
        <ele>790.96</ele>
      </trkpt>
      <trkpt lat="18.834839835762978" lon="98.93188593909144">
        <ele>790.17</ele>
      </trkpt>
      <trkpt lat="18.834797842428088" lon="98.93190530128777">
        <ele>789.43</ele>
      </trkpt>
      <trkpt lat="18.834746461361647" lon="98.93197629600763">
        <ele>788.71</ele>
      </trkpt>
      <trkpt lat="18.834566920995712" lon="98.93210127018392">
        <ele>787.97</ele>
      </trkpt>
      <trkpt lat="18.834437001496553" lon="98.93231383524835">
        <ele>787.32</ele>
      </trkpt>
      <trkpt lat="18.83428336121142" lon="98.93241299316287">
        <ele>786.61</ele>
      </trkpt>
      <trkpt lat="18.834168445318937" lon="98.93254006281495">
        <ele>785.9</ele>
      </trkpt>
      <trkpt lat="18.834103234112263" lon="98.93257359042764">
        <ele>785.24</ele>
      </trkpt>
      <trkpt lat="18.83404196240008" lon="98.93263176083565">
        <ele>784.6</ele>
      </trkpt>
      <trkpt lat="18.833908438682556" lon="98.93269261345267">
        <ele>783.92</ele>
      </trkpt>
      <trkpt lat="18.83380802348256" lon="98.93271021544933">
        <ele>783.28</ele>
      </trkpt>
      <trkpt lat="18.833738202229142" lon="98.93276050686836">
        <ele>782.68</ele>
      </trkpt>
      <trkpt lat="18.83366972208023" lon="98.93286067061126">
        <ele>782.09</ele>
      </trkpt>
      <trkpt lat="18.833650024607778" lon="98.93291909247637">
        <ele>781.54</ele>
      </trkpt>
      <trkpt lat="18.833607444539666" lon="98.93297005444765">
        <ele>780.98</ele>
      </trkpt>
      <trkpt lat="18.83359839208424" lon="98.93299352377653">
        <ele>780.46</ele>
      </trkpt>
      <trkpt lat="18.833607863634825" lon="98.93305848352611">
        <ele>779.95</ele>
      </trkpt>
      <trkpt lat="18.83354022167623" lon="98.93325629644096">
        <ele>779.38</ele>
      </trkpt>
      <trkpt lat="18.833379289135337" lon="98.93345033749938">
        <ele>778.79</ele>
      </trkpt>
      <trkpt lat="18.833312317728996" lon="98.93342820927501">
        <ele>778.27</ele>
      </trkpt>
      <trkpt lat="18.83325573988259" lon="98.93343801610172">
        <ele>777.75</ele>
      </trkpt>
      <trkpt lat="18.833211148157716" lon="98.93347858451307">
        <ele>777.23</ele>
      </trkpt>
      <trkpt lat="18.833379289135337" lon="98.93345033749938">
        <ele>778.79</ele>
      </trkpt>
      <trkpt lat="18.833312317728996" lon="98.93342820927501">
        <ele>778.27</ele>
      </trkpt>
      <trkpt lat="18.83325573988259" lon="98.93343801610172">
        <ele>777.75</ele>
      </trkpt>
      <trkpt lat="18.8332015927881" lon="98.93348411656916">
        <ele>775.31</ele>
      </trkpt>
      <trkpt lat="18.833178291097283" lon="98.9335302170366">
        <ele>774.81</ele>
      </trkpt>
      <trkpt lat="18.833188097923994" lon="98.93365946598351">
        <ele>774.31</ele>
      </trkpt>
      <trkpt lat="18.83323285728693" lon="98.93376993946731">
        <ele>773.8</ele>
      </trkpt>
      <trkpt lat="18.8332343660295" lon="98.93381427973509">
        <ele>773.29</ele>
      </trkpt>
      <trkpt lat="18.833124730736017" lon="98.93393891863525">
        <ele>772.75</ele>
      </trkpt>
      <trkpt lat="18.83311945013702" lon="98.93403455615044">
        <ele>772.23</ele>
      </trkpt>
      <trkpt lat="18.833071254193783" lon="98.93420420587063">
        <ele>771.7</ele>
      </trkpt>
      <trkpt lat="18.83302322588861" lon="98.93437377177179">
        <ele>771.15</ele>
      </trkpt>
      <trkpt lat="18.833125652745366" lon="98.93457946367562">
        <ele>770.52</ele>
      </trkpt>
      <trkpt lat="18.833170412108302" lon="98.93464324995875">
        <ele>769.88</ele>
      </trkpt>
      <trkpt lat="18.833218440413475" lon="98.93467233516276">
        <ele>769.24</ele>
      </trkpt>
      <trkpt lat="18.833239395171404" lon="98.93471307121217">
        <ele>768.58</ele>
      </trkpt>
      <trkpt lat="18.83325196802616" lon="98.93481994047761">
        <ele>767.87</ele>
      </trkpt>
      <trkpt lat="18.8332465197891" lon="98.93489520996809">
        <ele>767.17</ele>
      </trkpt>
      <trkpt lat="18.83321617729962" lon="98.93492873758078">
        <ele>766.48</ele>
      </trkpt>
      <trkpt lat="18.833224894478917" lon="98.93495103344321">
        <ele>765.77</ele>
      </trkpt>
      <trkpt lat="18.833286250010133" lon="98.93500962294638">
        <ele>765.0</ele>
      </trkpt>
      <trkpt lat="18.833322543650866" lon="98.93507642671466">
        <ele>764.21</ele>
      </trkpt>
      <trkpt lat="18.83348112925887" lon="98.93514641560614">
        <ele>763.38</ele>
      </trkpt>
      <trkpt lat="18.83354851976037" lon="98.9352536201477">
        <ele>762.55</ele>
      </trkpt>
      <trkpt lat="18.83364231325686" lon="98.93532243557274">
        <ele>761.71</ele>
      </trkpt>
      <trkpt lat="18.833635272458196" lon="98.93534305505455">
        <ele>760.91</ele>
      </trkpt>
      <trkpt lat="18.83367600850761" lon="98.93543567508459">
        <ele>760.05</ele>
      </trkpt>
      <trkpt lat="18.833657316863537" lon="98.9354906603694">
        <ele>759.2</ele>
      </trkpt>
      <trkpt lat="18.833609791472554" lon="98.93555201590061">
        <ele>758.34</ele>
      </trkpt>
      <trkpt lat="18.833607444539666" lon="98.93566039390862">
        <ele>757.43</ele>
      </trkpt>
      <trkpt lat="18.833588836714625" lon="98.93568646162748">
        <ele>756.54</ele>
      </trkpt>
      <trkpt lat="18.833588669076562" lon="98.93572962842882">
        <ele>755.61</ele>
      </trkpt>
      <trkpt lat="18.83359302766621" lon="98.9357705321163">
        <ele>754.66</ele>
      </trkpt>
      <trkpt lat="18.83364181034267" lon="98.93587061204016">
        <ele>753.64</ele>
      </trkpt>
      <trkpt lat="18.833679109811783" lon="98.93607932142913">
        <ele>752.51</ele>
      </trkpt>
      <trkpt lat="18.833772903308272" lon="98.93620496615767">
        <ele>751.45</ele>
      </trkpt>
      <trkpt lat="18.833888238295913" lon="98.93648634664714">
        <ele>750.42</ele>
      </trkpt>
      <trkpt lat="18.833952276036143" lon="98.93657301552594">
        <ele>749.45</ele>
      </trkpt>
      <trkpt lat="18.833982534706593" lon="98.93665205687284">
        <ele>748.45</ele>
      </trkpt>
      <trkpt lat="18.834019834175706" lon="98.93668759614229">
        <ele>747.39</ele>
      </trkpt>
      <trkpt lat="18.834092253819108" lon="98.93685523420572">
        <ele>746.32</ele>
      </trkpt>
      <trkpt lat="18.834273973479867" lon="98.93705790862441">
        <ele>745.16</ele>
      </trkpt>
      <trkpt lat="18.834348572418094" lon="98.9371672924608">
        <ele>743.94</ele>
      </trkpt>
      <trkpt lat="18.834465080872178" lon="98.93724507652223">
        <ele>742.68</ele>
      </trkpt>
      <trkpt lat="18.834651159122586" lon="98.93731808289886">
        <ele>741.36</ele>
      </trkpt>
      <trkpt lat="18.834711257368326" lon="98.93741112202406">
        <ele>740.06</ele>
      </trkpt>
      <trkpt lat="18.83471930399537" lon="98.93745386973023">
        <ele>738.76</ele>
      </trkpt>
      <trkpt lat="18.834830950945616" lon="98.937514051795">
        <ele>737.37</ele>
      </trkpt>
      <trkpt lat="18.834875961765647" lon="98.93757180310786">
        <ele>735.97</ele>
      </trkpt>
      <trkpt lat="18.83498408831656" lon="98.93763584084809">
        <ele>734.48</ele>
      </trkpt>
      <trkpt lat="18.835064470767975" lon="98.93771890550852">
        <ele>732.96</ele>
      </trkpt>
      <trkpt lat="18.835061537101865" lon="98.93773223273456">
        <ele>731.5</ele>
      </trkpt>
      <trkpt lat="18.8351599406451" lon="98.93778168596327">
        <ele>729.94</ele>
      </trkpt>
      <trkpt lat="18.835165472701192" lon="98.93782015889883">
        <ele>728.4</ele>
      </trkpt>
      <trkpt lat="18.835247280076146" lon="98.93791294656694">
        <ele>726.77</ele>
      </trkpt>
      <trkpt lat="18.835373427718878" lon="98.93795762211084">
        <ele>725.1</ele>
      </trkpt>
      <trkpt lat="18.835505358874798" lon="98.93803641200066">
        <ele>723.4</ele>
      </trkpt>
      <trkpt lat="18.835585741326213" lon="98.9380476437509">
        <ele>721.69</ele>
      </trkpt>
      <trkpt lat="18.835700154304504" lon="98.93809609115124">
        <ele>719.88</ele>
      </trkpt>
      <trkpt lat="18.83575413376093" lon="98.93819223158062">
        <ele>718.08</ele>
      </trkpt>
      <trkpt lat="18.835822949185967" lon="98.938261969015">
        <ele>716.25</ele>
      </trkpt>
      <trkpt lat="18.835822949185967" lon="98.9382846839726">
        <ele>714.47</ele>
      </trkpt>
      <trkpt lat="18.83589494973421" lon="98.93833313137293">
        <ele>712.57</ele>
      </trkpt>
      <trkpt lat="18.8359247893095" lon="98.9383964985609">
        <ele>710.71</ele>
      </trkpt>
      <trkpt lat="18.836077004671097" lon="98.93852289766073">
        <ele>708.64</ele>
      </trkpt>
      <trkpt lat="18.83623005822301" lon="98.93865005113184">
        <ele>706.56</ele>
      </trkpt>
      <trkpt lat="18.836316978558898" lon="98.93876245245337">
        <ele>704.56</ele>
      </trkpt>
      <trkpt lat="18.836399456486106" lon="98.93891433253884">
        <ele>702.5</ele>
      </trkpt>
      <trkpt lat="18.836511438712478" lon="98.9389908593148">
        <ele>700.44</ele>
      </trkpt>
      <trkpt lat="18.836582768708467" lon="98.93906998448074">
        <ele>698.43</ele>
      </trkpt>
      <trkpt lat="18.836746970191598" lon="98.93915070220828">
        <ele>696.36</ele>
      </trkpt>
      <trkpt lat="18.83678561076522" lon="98.93919219262898">
        <ele>694.37</ele>
      </trkpt>
      <trkpt lat="18.83688921108842" lon="98.93920954316854">
        <ele>692.35</ele>
      </trkpt>
      <trkpt lat="18.83688879199326" lon="98.93922613933682">
        <ele>690.37</ele>
      </trkpt>
      <trkpt lat="18.836941262707114" lon="98.93928439356387">
        <ele>688.36</ele>
      </trkpt>
      <trkpt lat="18.83709842339158" lon="98.9393397141248">
        <ele>686.26</ele>
      </trkpt>
      <trkpt lat="18.83714829571545" lon="98.93939411267638">
        <ele>684.21</ele>
      </trkpt>
      <trkpt lat="18.837235048413277" lon="98.93945085816085">
        <ele>682.12</ele>
      </trkpt>
      <trkpt lat="18.83737502619624" lon="98.93965252675116">
        <ele>679.94</ele>
      </trkpt>
      <trkpt lat="18.83741551078856" lon="98.93968580290675">
        <ele>677.91</ele>
      </trkpt>
      <trkpt lat="18.837500922381878" lon="98.93970793113112">
        <ele>675.8</ele>
      </trkpt>
      <trkpt lat="18.83748633787036" lon="98.9397213421762">
        <ele>673.89</ele>
      </trkpt>
      <trkpt lat="18.837486002594233" lon="98.93974849954247">
        <ele>671.95</ele>
      </trkpt>
      <trkpt lat="18.8375152554363" lon="98.93977222032845">
        <ele>669.97</ele>
      </trkpt>
      <trkpt lat="18.837556913495064" lon="98.93985025584698">
        <ele>667.97</ele>
      </trkpt>
      <trkpt lat="18.837574599310756" lon="98.93993985839188">
        <ele>666.03</ele>
      </trkpt>
      <trkpt lat="18.837729580700397" lon="98.94009123556316">
        <ele>663.96</ele>
      </trkpt>
      <trkpt lat="18.837732933461666" lon="98.94014362245798">
        <ele>662.06</ele>
      </trkpt>
      <trkpt lat="18.837812058627605" lon="98.9402448758483">
        <ele>660.07</ele>
      </trkpt>
      <trkpt lat="18.837829241529107" lon="98.94030899740756">
        <ele>658.17</ele>
      </trkpt>
      <trkpt lat="18.837888753041625" lon="98.94037689082325">
        <ele>656.24</ele>
      </trkpt>
      <trkpt lat="18.83796569891274" lon="98.94042818807065">
        <ele>654.33</ele>
      </trkpt>
      <trkpt lat="18.83801070973277" lon="98.94051779061556">
        <ele>652.41</ele>
      </trkpt>
      <trkpt lat="18.83809419348836" lon="98.94056791439652">
        <ele>650.51</ele>
      </trkpt>
      <trkpt lat="18.8381128013134" lon="98.94061627797782">
        <ele>648.66</ele>
      </trkpt>
      <trkpt lat="18.83822914212942" lon="98.9407179504633">
        <ele>646.73</ele>
      </trkpt>
      <trkpt lat="18.838299131020904" lon="98.94074007868767">
        <ele>644.89</ele>
      </trkpt>
      <trkpt lat="18.83835520595312" lon="98.94079757854342">
        <ele>643.06</ele>
      </trkpt>
      <trkpt lat="18.838438019156456" lon="98.94084669649601">
        <ele>641.22</ele>
      </trkpt>
      <trkpt lat="18.838527789339423" lon="98.94087620079517">
        <ele>639.4</ele>
      </trkpt>
      <trkpt lat="18.83858378045261" lon="98.9408749435097">
        <ele>637.63</ele>
      </trkpt>
      <trkpt lat="18.838645974174142" lon="98.94085231237113">
        <ele>635.85</ele>
      </trkpt>
      <trkpt lat="18.838744293898344" lon="98.94087435677648">
        <ele>634.04</ele>
      </trkpt>
      <trkpt lat="18.838791819289327" lon="98.94085507839918">
        <ele>632.31</ele>
      </trkpt>
      <trkpt lat="18.838856611400843" lon="98.9408577606082">
        <ele>630.57</ele>
      </trkpt>
      <trkpt lat="18.83886960335076" lon="98.9408641308546">
        <ele>628.87</ele>
      </trkpt>
      <trkpt lat="18.838855605572462" lon="98.94088114611804">
        <ele>627.19</ele>
      </trkpt>
      <trkpt lat="18.838898688554764" lon="98.94089673645794">
        <ele>625.48</ele>
      </trkpt>
      <trkpt lat="18.838897179812193" lon="98.940912745893">
        <ele>623.81</ele>
      </trkpt>
      <trkpt lat="18.838990218937397" lon="98.94101123325527">
        <ele>622.07</ele>
      </trkpt>
      <trkpt lat="18.839146625250578" lon="98.94107912667096">
        <ele>620.24</ele>
      </trkpt>
      <trkpt lat="18.83922876790166" lon="98.94113645888865">
        <ele>618.48</ele>
      </trkpt>
      <trkpt lat="18.839347790926695" lon="98.9411577489227">
        <ele>616.7</ele>
      </trkpt>
      <trkpt lat="18.839376540854573" lon="98.94118029624224">
        <ele>615.04</ele>
      </trkpt>
      <trkpt lat="18.839447619393468" lon="98.94119882024825">
        <ele>613.35</ele>
      </trkpt>
      <trkpt lat="18.83950729854405" lon="98.94125640392303">
        <ele>611.68</ele>
      </trkpt>
      <trkpt lat="18.839743249118328" lon="98.94135539419949">
        <ele>609.89</ele>
      </trkpt>
      <trkpt lat="18.83980938233435" lon="98.94142655655742">
        <ele>608.29</ele>
      </trkpt>
      <trkpt lat="18.839904265478253" lon="98.94148129038513">
        <ele>606.69</ele>
      </trkpt>
      <trkpt lat="18.840131079778075" lon="98.94149797037244">
        <ele>604.97</ele>
      </trkpt>
      <trkpt lat="18.840287821367383" lon="98.94153317436576">
        <ele>603.3</ele>
      </trkpt>
      <trkpt lat="18.840407012030482" lon="98.94149528816342">
        <ele>601.67</ele>
      </trkpt>
      <trkpt lat="18.8404371868819" lon="98.94150492735207">
        <ele>600.2</ele>
      </trkpt>
      <trkpt lat="18.84050608612597" lon="98.94158564507961">
        <ele>598.76</ele>
      </trkpt>
      <trkpt lat="18.840563418343663" lon="98.94161263480783">
        <ele>597.35</ele>
      </trkpt>
      <trkpt lat="18.840598622336984" lon="98.94159520044923">
        <ele>595.97</ele>
      </trkpt>
      <trkpt lat="18.840658217668533" lon="98.94149084575474">
        <ele>594.56</ele>
      </trkpt>
      <trkpt lat="18.840777659788728" lon="98.9415071066469">
        <ele>593.1</ele>
      </trkpt>
      <trkpt lat="18.84083733893931" lon="98.94155630841851">
        <ele>591.8</ele>
      </trkpt>
      <trkpt lat="18.841008245944977" lon="98.9416329190135">
        <ele>590.41</ele>
      </trkpt>
      <trkpt lat="18.841074043884873" lon="98.94169259816408">
        <ele>589.22</ele>
      </trkpt>
      <trkpt lat="18.841143446043134" lon="98.94172830507159">
        <ele>588.05</ele>
      </trkpt>
      <trkpt lat="18.841133136302233" lon="98.94178479909897">
        <ele>587.05</ele>
      </trkpt>
      <trkpt lat="18.841155264526606" lon="98.94180659204721">
        <ele>586.0</ele>
      </trkpt>
      <trkpt lat="18.841171273961663" lon="98.94186032004654">
        <ele>585.01</ele>
      </trkpt>
      <trkpt lat="18.841153420507908" lon="98.94192486070096">
        <ele>584.1</ele>
      </trkpt>
      <trkpt lat="18.841161048039794" lon="98.94197825342417">
        <ele>583.19</ele>
      </trkpt>
      <trkpt lat="18.84111779741943" lon="98.94213541410863">
        <ele>582.27</ele>
      </trkpt>
      <trkpt lat="18.8411158695817" lon="98.94220288842916">
        <ele>581.36</ele>
      </trkpt>
      <trkpt lat="18.8410865329206" lon="98.94224069081247">
        <ele>580.53</ele>
      </trkpt>
      <trkpt lat="18.84099525399506" lon="98.94228637218475">
        <ele>579.77</ele>
      </trkpt>
      <trkpt lat="18.840977232903242" lon="98.94238418899477">
        <ele>578.92</ele>
      </trkpt>
      <trkpt lat="18.84087547659874" lon="98.9425531681627">
        <ele>578.14</ele>
      </trkpt>
      <trkpt lat="18.840880086645484" lon="98.94259214401245">
        <ele>577.35</ele>
      </trkpt>
      <trkpt lat="18.840916212648153" lon="98.94262332469225">
        <ele>576.54</ele>
      </trkpt>
      <trkpt lat="18.840921577066183" lon="98.94265324808657">
        <ele>575.75</ele>
      </trkpt>
      <trkpt lat="18.84094043634832" lon="98.94266908988357">
        <ele>574.95</ele>
      </trkpt>
      <trkpt lat="18.840951584279537" lon="98.94272793084383">
        <ele>574.12</ele>
      </trkpt>
      <trkpt lat="18.84086382575333" lon="98.94284209236503">
        <ele>573.32</ele>
      </trkpt>
      <trkpt lat="18.84087204001844" lon="98.94296237267554">
        <ele>572.42</ele>
      </trkpt>
      <trkpt lat="18.84079383686185" lon="98.9431007578969">
        <ele>571.59</ele>
      </trkpt>
      <trkpt lat="18.840827029198408" lon="98.9431953895837">
        <ele>570.67</ele>
      </trkpt>
      <trkpt lat="18.84081395342946" lon="98.94326764158905">
        <ele>569.84</ele>
      </trkpt>
      <trkpt lat="18.840765254572034" lon="98.94333427771926">
        <ele>568.99</ele>
      </trkpt>
      <trkpt lat="18.840748239308596" lon="98.94342513754964">
        <ele>568.04</ele>
      </trkpt>
      <trkpt lat="18.840722925961018" lon="98.94344743341208">
        <ele>567.12</ele>
      </trkpt>
      <trkpt lat="18.840744635090232" lon="98.94349906593561">
        <ele>566.15</ele>
      </trkpt>
      <trkpt lat="18.840730972588062" lon="98.94354349002242">
        <ele>565.14</ele>
      </trkpt>
      <trkpt lat="18.84074941277504" lon="98.94355555996299">
        <ele>564.12</ele>
      </trkpt>
      <trkpt lat="18.840773552656174" lon="98.94354742951691">
        <ele>563.08</ele>
      </trkpt>
      <trkpt lat="18.84083298034966" lon="98.94361498765647">
        <ele>561.93</ele>
      </trkpt>
      <trkpt lat="18.84072108194232" lon="98.9435875788331">
        <ele>560.81</ele>
      </trkpt>
      <trkpt lat="18.840701887384057" lon="98.94366997294128">
        <ele>559.53</ele>
      </trkpt>
      <trkpt lat="18.840631563216448" lon="98.94371615722775">
        <ele>558.25</ele>
      </trkpt>
      <trkpt lat="18.840531399473548" lon="98.94385445863008">
        <ele>556.89</ele>
      </trkpt>
      <trkpt lat="18.840480437502265" lon="98.94389117136598">
        <ele>555.55</ele>
      </trkpt>
      <trkpt lat="18.840381111949682" lon="98.9440558757633">
        <ele>554.04</ele>
      </trkpt>
      <trkpt lat="18.840376669541" lon="98.9440904930234">
        <ele>552.6</ele>
      </trkpt>
      <trkpt lat="18.840296622365713" lon="98.94418646581471">
        <ele>551.08</ele>
      </trkpt>
      <trkpt lat="18.840256053954363" lon="98.94422141835093">
        <ele>549.55</ele>
      </trkpt>
      <trkpt lat="18.84018304757774" lon="98.94425301812589">
        <ele>548.0</ele>
      </trkpt>
      <trkpt lat="18.84007123298943" lon="98.94427900202572">
        <ele>546.41</ele>
      </trkpt>
      <trkpt lat="18.840048937126994" lon="98.94432275556028">
        <ele>544.74</ele>
      </trkpt>
      <trkpt lat="18.839967381209135" lon="98.9443962648511">
        <ele>542.97</ele>
      </trkpt>
      <trkpt lat="18.839961094781756" lon="98.94442912191153">
        <ele>541.22</ele>
      </trkpt>
      <trkpt lat="18.839902421459556" lon="98.94452123902738">
        <ele>539.4</ele>
      </trkpt>
      <trkpt lat="18.839861769229174" lon="98.94454739056528">
        <ele>537.6</ele>
      </trkpt>
      <trkpt lat="18.83983662351966" lon="98.94463489763439">
        <ele>535.66</ele>
      </trkpt>
      <trkpt lat="18.839848022907972" lon="98.94470698200166">
        <ele>533.68</ele>
      </trkpt>
      <trkpt lat="18.839838467538357" lon="98.94476079382002">
        <ele>531.73</ele>
      </trkpt>
      <trkpt lat="18.839853471145034" lon="98.94478459842503">
        <ele>529.8</ele>
      </trkpt>
      <trkpt lat="18.839838718995452" lon="98.94488979130983">
        <ele>527.72</ele>
      </trkpt>
      <trkpt lat="18.839764958247542" lon="98.94494662061334">
        <ele>525.73</ele>
      </trkpt>
      <trkpt lat="18.839722964912653" lon="98.94500797614455">
        <ele>523.7</ele>
      </trkpt>
      <trkpt lat="18.839670158922672" lon="98.94503974355757">
        <ele>521.74</ele>
      </trkpt>
      <trkpt lat="18.839623387902975" lon="98.94516002386808">
        <ele>519.64</ele>
      </trkpt>
      <trkpt lat="18.8395927939564" lon="98.9451922941953">
        <ele>517.68</ele>
      </trkpt>
      <trkpt lat="18.83954451419413" lon="98.9452124107629">
        <ele>515.73</ele>
      </trkpt>
      <trkpt lat="18.83948835544288" lon="98.94533009268343">
        <ele>513.6</ele>
      </trkpt>
      <trkpt lat="18.839435800909996" lon="98.94535683095455">
        <ele>511.66</ele>
      </trkpt>
      <trkpt lat="18.839416690170765" lon="98.94534911960363">
        <ele>509.83</ele>
      </trkpt>
      <trkpt lat="18.839393304660916" lon="98.94540997222066">
        <ele>507.9</ele>
      </trkpt>
      <trkpt lat="18.839319376274943" lon="98.94548364914954">
        <ele>505.99</ele>
      </trkpt>
      <trkpt lat="18.83926942013204" lon="98.94553201273084">
        <ele>504.16</ele>
      </trkpt>
      <trkpt lat="18.839213848114014" lon="98.9455543924123">
        <ele>502.38</ele>
      </trkpt>
      <trkpt lat="18.839139249175787" lon="98.94561457447708">
        <ele>500.58</ele>
      </trkpt>
      <trkpt lat="18.839020561426878" lon="98.94573904573917">
        <ele>498.78</ele>
      </trkpt>
      <trkpt lat="18.83900891058147" lon="98.9458294864744">
        <ele>497.09</ele>
      </trkpt>
      <trkpt lat="18.83896641433239" lon="98.94585656002164">
        <ele>495.46</ele>
      </trkpt>
      <trkpt lat="18.838947555050254" lon="98.945920933038">
        <ele>493.83</ele>
      </trkpt>
      <trkpt lat="18.838965073227882" lon="98.94599108956754">
        <ele>492.2</ele>
      </trkpt>
      <trkpt lat="18.83887798525393" lon="98.94606535322964">
        <ele>490.57</ele>
      </trkpt>
      <trkpt lat="18.838858623057604" lon="98.94610852003098">
        <ele>488.97</ele>
      </trkpt>
      <trkpt lat="18.838828783482313" lon="98.94611279480159">
        <ele>487.44</ele>
      </trkpt>
      <trkpt lat="18.83882903493941" lon="98.94615151919425">
        <ele>485.88</ele>
      </trkpt>
      <trkpt lat="18.838781509548426" lon="98.94618873484433">
        <ele>484.37</ele>
      </trkpt>
      <trkpt lat="18.83872803300619" lon="98.9464006293565">
        <ele>482.67</ele>
      </trkpt>
      <trkpt lat="18.83867707103491" lon="98.94649618305266">
        <ele>481.07</ele>
      </trkpt>
      <trkpt lat="18.838635832071304" lon="98.94651177339256">
        <ele>479.5</ele>
      </trkpt>
      <trkpt lat="18.838575650006533" lon="98.94657455384731">
        <ele>477.89</ele>
      </trkpt>
      <trkpt lat="18.838524436578155" lon="98.94675971008837">
        <ele>476.11</ele>
      </trkpt>
      <trkpt lat="18.838446736335754" lon="98.94686934538186">
        <ele>474.36</ele>
      </trkpt>
      <trkpt lat="18.838310446590185" lon="98.94690790213645">
        <ele>472.62</ele>
      </trkpt>
      <trkpt lat="18.838218916207552" lon="98.94698107615113">
        <ele>470.8</ele>
      </trkpt>
      <trkpt lat="18.838134007528424" lon="98.94710110500455">
        <ele>468.91</ele>
      </trkpt>
      <trkpt lat="18.83809804916382" lon="98.94726949743927">
        <ele>466.94</ele>
      </trkpt>
      <trkpt lat="18.83805655874312" lon="98.94737410359085">
        <ele>464.95</ele>
      </trkpt>
      <trkpt lat="18.838060414418578" lon="98.94750368781388">
        <ele>462.89</ele>
      </trkpt>
      <trkpt lat="18.838020684197545" lon="98.94756051711738">
        <ele>460.87</ele>
      </trkpt>
      <trkpt lat="18.837945582345128" lon="98.94763553515077">
        <ele>458.82</ele>
      </trkpt>
      <trkpt lat="18.837815411388874" lon="98.94772354513407">
        <ele>456.65</ele>
      </trkpt>
      <trkpt lat="18.83779613301158" lon="98.94776922650635">
        <ele>454.48</ele>
      </trkpt>
      <trkpt lat="18.83772874251008" lon="98.9478499442339">
        <ele>452.21</ele>
      </trkpt>
      <trkpt lat="18.837662944570184" lon="98.94788489677012">
        <ele>449.93</ele>
      </trkpt>
      <trkpt lat="18.83759630843997" lon="98.94795295782387">
        <ele>447.58</ele>
      </trkpt>
      <trkpt lat="18.83757133036852" lon="98.94801531918347">
        <ele>445.22</ele>
      </trkpt>
      <trkpt lat="18.83748197928071" lon="98.9480796083808">
        <ele>442.79</ele>
      </trkpt>
      <trkpt lat="18.837376115843654" lon="98.94810106605291">
        <ele>440.37</ele>
      </trkpt>
      <trkpt lat="18.83735692128539" lon="98.94813216291368">
        <ele>437.97</ele>
      </trkpt>
      <trkpt lat="18.837299337610602" lon="98.94816803745925">
        <ele>435.53</ele>
      </trkpt>
      <trkpt lat="18.837159108370543" lon="98.94835109822452">
        <ele>432.93</ele>
      </trkpt>
      <trkpt lat="18.83705349639058" lon="98.94843650981784">
        <ele>430.44</ele>
      </trkpt>
      <trkpt lat="18.836991218850017" lon="98.9486335683614">
        <ele>427.74</ele>
      </trkpt>
      <trkpt lat="18.83681100793183" lon="98.94889131188393">
        <ele>424.89</ele>
      </trkpt>
      <trkpt lat="18.83669374510646" lon="98.9489877037704">
        <ele>422.41</ele>
      </trkpt>
      <trkpt lat="18.836627528071404" lon="98.94900899380445">
        <ele>420.02</ele>
      </trkpt>
      <trkpt lat="18.83662492968142" lon="98.94905333407223">
        <ele>417.65</ele>
      </trkpt>
      <trkpt lat="18.836581092327833" lon="98.94912810064852">
        <ele>415.26</ele>
      </trkpt>
      <trkpt lat="18.836532812565565" lon="98.94915089942515">
        <ele>412.97</ele>
      </trkpt>
      <trkpt lat="18.8363825250417" lon="98.94933002069592">
        <ele>410.61</ele>
      </trkpt>
      <trkpt lat="18.836281523108482" lon="98.94938819110394">
        <ele>408.4</ele>
      </trkpt>
      <trkpt lat="18.8362702075392" lon="98.94943127408624">
        <ele>406.22</ele>
      </trkpt>
      <trkpt lat="18.836245900020003" lon="98.94945507869124">
        <ele>404.12</ele>
      </trkpt>
      <trkpt lat="18.83607423864305" lon="98.9494882710278">
        <ele>402.01</ele>
      </trkpt>
      <trkpt lat="18.835848597809672" lon="98.94949237816036">
        <ele>399.89</ele>
      </trkpt>
      <trkpt lat="18.835752038285136" lon="98.94955926574767">
        <ele>397.91</ele>
      </trkpt>
      <trkpt lat="18.83562320843339" lon="98.94958952441812">
        <ele>396.04</ele>
      </trkpt>
      <trkpt lat="18.835450038313866" lon="98.9495471958071">
        <ele>394.44</ele>
      </trkpt>
      <trkpt lat="18.83534518070519" lon="98.94971483387053">
        <ele>392.75</ele>
      </trkpt>
      <trkpt lat="18.83519321680069" lon="98.949811225757">
        <ele>391.17</ele>
      </trkpt>
      <trkpt lat="18.83504033088684" lon="98.94990828819573">
        <ele>389.59</ele>
      </trkpt>
      <trkpt lat="18.834932204335928" lon="98.94994131289423">
        <ele>388.08</ele>
      </trkpt>
      <trkpt lat="18.834883673116565" lon="98.94998238421977">
        <ele>386.67</ele>
      </trkpt>
      <trkpt lat="18.834802536293864" lon="98.94999654963613">
        <ele>385.37</ele>
      </trkpt>
      <trkpt lat="18.83457748219371" lon="98.94999420270324">
        <ele>384.19</ele>
      </trkpt>
      <trkpt lat="18.834413532167673" lon="98.95005237311125">
        <ele>382.96</ele>
      </trkpt>
      <trkpt lat="18.834268944337964" lon="98.95023358985782">
        <ele>381.77</ele>
      </trkpt>
      <trkpt lat="18.83418168872595" lon="98.95029578357935">
        <ele>380.76</ele>
      </trkpt>
      <trkpt lat="18.834141874685884" lon="98.9505091868341">
        <ele>379.77</ele>
      </trkpt>
      <trkpt lat="18.834152603521943" lon="98.95057255402207">
        <ele>378.95</ele>
      </trkpt>
      <trkpt lat="18.834136929363012" lon="98.95079735666513">
        <ele>378.14</ele>
      </trkpt>
      <trkpt lat="18.834143970161676" lon="98.95078796893358">
        <ele>377.5</ele>
      </trkpt>
      <trkpt lat="18.834197027608752" lon="98.95080196671188">
        <ele>376.93</ele>
      </trkpt>
      <trkpt lat="18.83425402455032" lon="98.9508390147239">
        <ele>376.42</ele>
      </trkpt>
      <trkpt lat="18.83444999344647" lon="98.95082803443074">
        <ele>376.0</ele>
      </trkpt>
      <trkpt lat="18.8345140311867" lon="98.95085401833057">
        <ele>375.63</ele>
      </trkpt>
      <trkpt lat="18.8345589581877" lon="98.9508530125022">
        <ele>375.32</ele>
      </trkpt>
      <trkpt lat="18.83464403450489" lon="98.95090498030186">
        <ele>375.02</ele>
      </trkpt>
      <trkpt lat="18.83473296649754" lon="98.95092601887882">
        <ele>374.79</ele>
      </trkpt>
      <trkpt lat="18.834784012287855" lon="98.95091503858566">
        <ele>374.66</ele>
      </trkpt>
      <trkpt lat="18.83492399007082" lon="98.95098502747715">
        <ele>374.53</ele>
      </trkpt>
      <trkpt lat="18.834962965920568" lon="98.95097798667848">
        <ele>374.52</ele>
      </trkpt>
      <trkpt lat="18.83505600504577" lon="98.95100799389184">
        <ele>374.53</ele>
      </trkpt>
      <trkpt lat="18.8350959867239" lon="98.95097999833524">
        <ele>374.61</ele>
      </trkpt>
      <trkpt lat="18.83524702861905" lon="98.95105803385377">
        <ele>374.74</ele>
      </trkpt>
      <trkpt lat="18.83530603721738" lon="98.95111000165343">
        <ele>374.9</ele>
      </trkpt>
      <trkpt lat="18.83534903638065" lon="98.95110103301704">
        <ele>375.09</ele>
      </trkpt>
      <trkpt lat="18.83552103303373" lon="98.95112500526011">
        <ele>375.4</ele>
      </trkpt>
      <trkpt lat="18.83567299693823" lon="98.9512000232935">
        <ele>375.7</ele>
      </trkpt>
      <trkpt lat="18.83569998666644" lon="98.95120203495026">
        <ele>375.94</ele>
      </trkpt>
      <trkpt lat="18.83573703467846" lon="98.95117697305977">
        <ele>376.18</ele>
      </trkpt>
      <trkpt lat="18.835863014683127" lon="98.9512359816581">
        <ele>376.46</ele>
      </trkpt>
      <trkpt lat="18.835922023281455" lon="98.95123296417296">
        <ele>376.69</ele>
      </trkpt>
      <trkpt lat="18.835984971374273" lon="98.95128501579165">
        <ele>376.87</ele>
      </trkpt>
      <trkpt lat="18.836025958880782" lon="98.9512909669429">
        <ele>377.03</ele>
      </trkpt>
      <trkpt lat="18.836186975240707" lon="98.95136598497629">
        <ele>377.17</ele>
      </trkpt>
      <trkpt lat="18.836203990504146" lon="98.95140202715993">
        <ele>377.26</ele>
      </trkpt>
      <trkpt lat="18.83620901964605" lon="98.95138601772487">
        <ele>377.33</ele>
      </trkpt>
      <trkpt lat="18.83623701520264" lon="98.95140001550317">
        <ele>377.36</ele>
      </trkpt>
      <trkpt lat="18.836265010759234" lon="98.95138802938163">
        <ele>377.35</ele>
      </trkpt>
      <trkpt lat="18.83629904128611" lon="98.9513980038464">
        <ele>377.3</ele>
      </trkpt>
      <trkpt lat="18.83636098355055" lon="98.95146698690951">
        <ele>377.18</ele>
      </trkpt>
      <trkpt lat="18.8364240154624" lon="98.95150504074991">
        <ele>377.04</ele>
      </trkpt>
      <trkpt lat="18.836600035429" lon="98.95155097357929">
        <ele>376.86</ele>
      </trkpt>
      <trkpt lat="18.83666499517858" lon="98.95160101354122">
        <ele>376.62</ele>
      </trkpt>
      <trkpt lat="18.836927013471723" lon="98.9517129957676">
        <ele>376.28</ele>
      </trkpt>
      <trkpt lat="18.836993984878063" lon="98.9517180249095">
        <ele>375.93</ele>
      </trkpt>
      <trkpt lat="18.837088029831648" lon="98.9516939688474">
        <ele>375.52</ele>
      </trkpt>
      <trkpt lat="18.837280981242657" lon="98.95177401602268">
        <ele>374.98</ele>
      </trkpt>
      <trkpt lat="18.837276035919785" lon="98.95174593664706">
        <ele>374.54</ele>
      </trkpt>
      <trkpt lat="18.83731626905501" lon="98.95177057944238">
        <ele>374.04</ele>
      </trkpt>
      <trkpt lat="18.83738131262362" lon="98.95173110067844">
        <ele>373.5</ele>
      </trkpt>
      <trkpt lat="18.837503604590893" lon="98.95178549923003">
        <ele>372.87</ele>
      </trkpt>
      <trkpt lat="18.837628662586212" lon="98.95180276595056">
        <ele>372.24</ele>
      </trkpt>
      <trkpt lat="18.837781716138124" lon="98.9516765344888">
        <ele>371.63</ele>
      </trkpt>
      <trkpt lat="18.83798380382359" lon="98.95169153809547">
        <ele>370.93</ele>
      </trkpt>
      <trkpt lat="18.83810944855213" lon="98.95190242677927">
        <ele>370.22</ele>
      </trkpt>
      <trkpt lat="18.838154124096036" lon="98.95192849449813">
        <ele>369.59</ele>
      </trkpt>
      <trkpt lat="18.83827641606331" lon="98.95190351642668">
        <ele>368.96</ele>
      </trkpt>
      <trkpt lat="18.838292006403208" lon="98.9518887642771">
        <ele>368.38</ele>
      </trkpt>
      <trkpt lat="18.838373059406877" lon="98.95188490860164">
        <ele>367.8</ele>
      </trkpt>
      <trkpt lat="18.838442377746105" lon="98.95197778008878">
        <ele>367.13</ele>
      </trkpt>
      <trkpt lat="18.838484035804868" lon="98.9520753454417">
        <ele>366.48</ele>
      </trkpt>
      <trkpt lat="18.83849149569869" lon="98.95205807872117">
        <ele>365.95</ele>
      </trkpt>
      <trkpt lat="18.83853156119585" lon="98.95204374566674">
        <ele>365.43</ele>
      </trkpt>
      <trkpt lat="18.838609345257282" lon="98.95203695632517">
        <ele>364.91</ele>
      </trkpt>
      <trkpt lat="18.838691152632236" lon="98.9520029257983">
        <ele>364.43</ele>
      </trkpt>
      <trkpt lat="18.838753094896674" lon="98.95193251781166">
        <ele>363.99</ele>
      </trkpt>
      <trkpt lat="18.83891763165593" lon="98.9518073759973">
        <ele>363.54</ele>
      </trkpt>
      <trkpt lat="18.83903682231903" lon="98.95163957029581">
        <ele>363.27</ele>
      </trkpt>
      <trkpt lat="18.839119048789144" lon="98.9515552483499">
        <ele>362.93</ele>
      </trkpt>
      <trkpt lat="18.839101949706674" lon="98.95156161859632">
        <ele>362.54</ele>
      </trkpt>
      <trkpt lat="18.839118545874953" lon="98.95153370685875">
        <ele>362.2</ele>
      </trkpt>
      <trkpt lat="18.839241173118353" lon="98.95143412984908">
        <ele>361.85</ele>
      </trkpt>
      <trkpt lat="18.839489109814167" lon="98.9513451140374">
        <ele>361.35</ele>
      </trkpt>
      <trkpt lat="18.839725479483604" lon="98.95121930167079">
        <ele>360.84</ele>
      </trkpt>
      <trkpt lat="18.83990066125989" lon="98.95107756368816">
        <ele>360.58</ele>
      </trkpt>
      <trkpt lat="18.840076848864555" lon="98.9509352389723">
        <ele>360.33</ele>
      </trkpt>
      <trkpt lat="18.84018992073834" lon="98.95077204331756">
        <ele>360.25</ele>
      </trkpt>
      <trkpt lat="18.84023836813867" lon="98.95072921179235">
        <ele>359.99</ele>
      </trkpt>
      <trkpt lat="18.84034280665219" lon="98.95068847574294">
        <ele>359.69</ele>
      </trkpt>
      <trkpt lat="18.84039955213666" lon="98.95064975135028">
        <ele>359.47</ele>
      </trkpt>
      <trkpt lat="18.840463925153017" lon="98.9506352506578">
        <ele>359.24</ele>
      </trkpt>
      <trkpt lat="18.840634496882558" lon="98.95051782019436">
        <ele>359.08</ele>
      </trkpt>
      <trkpt lat="18.84080615825951" lon="98.95039980299771">
        <ele>358.85</ele>
      </trkpt>
      <trkpt lat="18.840833567082882" lon="98.95037541165948">
        <ele>358.66</ele>
      </trkpt>
      <trkpt lat="18.840879248455167" lon="98.95028061233461">
        <ele>358.5</ele>
      </trkpt>
      <trkpt lat="18.840870447456837" lon="98.95025043748319">
        <ele>358.38</ele>
      </trkpt>
      <trkpt lat="18.840923756361008" lon="98.9501133095473">
        <ele>358.23</ele>
      </trkpt>
      <trkpt lat="18.84103867225349" lon="98.9500065241009">
        <ele>358.03</ele>
      </trkpt>
      <trkpt lat="18.841128274798393" lon="98.95001088269055">
        <ele>357.86</ele>
      </trkpt>
      <trkpt lat="18.84120974689722" lon="98.95004658959806">
        <ele>357.71</ele>
      </trkpt>
      <trkpt lat="18.84129423648119" lon="98.95004508085549">
        <ele>357.67</ele>
      </trkpt>
      <trkpt lat="18.84132985956967" lon="98.9500945340842">
        <ele>357.58</ele>
      </trkpt>
      <trkpt lat="18.841326339170337" lon="98.95022654905915">
        <ele>357.49</ele>
      </trkpt>
      <trkpt lat="18.841181499883533" lon="98.95038731396198">
        <ele>351.66</ele>
      </trkpt>
      <trkpt lat="18.841163897886872" lon="98.95050952211022">
        <ele>351.85</ele>
      </trkpt>
      <trkpt lat="18.841134309768677" lon="98.95059627480805">
        <ele>352.09</ele>
      </trkpt>
      <trkpt lat="18.84109248407185" lon="98.95063223317266">
        <ele>352.31</ele>
      </trkpt>
      <trkpt lat="18.841045713052154" lon="98.9507076703012">
        <ele>352.56</ele>
      </trkpt>
      <trkpt lat="18.8410069886595" lon="98.95069803111255">
        <ele>352.84</ele>
      </trkpt>
      <trkpt lat="18.841019980609417" lon="98.95072108134627">
        <ele>353.17</ele>
      </trkpt>
      <trkpt lat="18.841015873476863" lon="98.95079266279936">
        <ele>353.52</ele>
      </trkpt>
      <trkpt lat="18.84103179909289" lon="98.9508633222431">
        <ele>353.88</ele>
      </trkpt>
      <trkpt lat="18.841023165732622" lon="98.9511032961309">
        <ele>357.79</ele>
      </trkpt>
      <trkpt lat="18.84105635806918" lon="98.95126540213823">
        <ele>354.55</ele>
      </trkpt>
      <trkpt lat="18.841112265363336" lon="98.95138207823038">
        <ele>354.9</ele>
      </trkpt>
      <trkpt lat="18.84116574190557" lon="98.95142708905041">
        <ele>355.31</ele>
      </trkpt>
      <trkpt lat="18.84125509299338" lon="98.95146841183305">
        <ele>355.71</ele>
      </trkpt>
      <trkpt lat="18.841324746608734" lon="98.95146698690951">
        <ele>358.35</ele>
      </trkpt>
      <trkpt lat="18.841453157365322" lon="98.9514291845262">
        <ele>356.57</ele>
      </trkpt>
      <trkpt lat="18.841685503721237" lon="98.95141342654824">
        <ele>356.92</ele>
      </trkpt>
      <trkpt lat="18.841716097667813" lon="98.95139708183706">
        <ele>357.27</ele>
      </trkpt>
      <trkpt lat="18.84175641462207" lon="98.95134896971285">
        <ele>357.61</ele>
      </trkpt>
      <trkpt lat="18.841852135956287" lon="98.95129943266511">
        <ele>357.91</ele>
      </trkpt>
      <trkpt lat="18.84185624308884" lon="98.95113908685744">
        <ele>358.25</ele>
      </trkpt>
      <trkpt lat="18.84190645068884" lon="98.95107840187848">
        <ele>358.52</ele>
      </trkpt>
      <trkpt lat="18.841981552541256" lon="98.95102400332689">
        <ele>358.8</ele>
      </trkpt>
      <trkpt lat="18.842035699635744" lon="98.95101729780436">
        <ele>359.02</ele>
      </trkpt>
      <trkpt lat="18.84216687642038" lon="98.95104797556996">
        <ele>359.18</ele>
      </trkpt>
      <trkpt lat="18.84230517782271" lon="98.95109332166612">
        <ele>359.29</ele>
      </trkpt>
      <trkpt lat="18.84238245896995" lon="98.95108141936362">
        <ele>359.42</ele>
      </trkpt>
      <trkpt lat="18.842492261901498" lon="98.95116138271987">
        <ele>359.46</ele>
      </trkpt>
      <trkpt lat="18.842559065669775" lon="98.95117504522204">
        <ele>359.5</ele>
      </trkpt>
      <trkpt lat="18.842622935771942" lon="98.95117395557463">
        <ele>359.51</ele>
      </trkpt>
      <trkpt lat="18.842688398435712" lon="98.95114210434258">
        <ele>359.49</ele>
      </trkpt>
      <trkpt lat="18.842809349298477" lon="98.95112282596529">
        <ele>359.43</ele>
      </trkpt>
      <trkpt lat="18.84291999042034" lon="98.95113414153457">
        <ele>359.31</ele>
      </trkpt>
      <trkpt lat="18.84297715499997" lon="98.95112450234592">
        <ele>359.18</ele>
      </trkpt>
      <trkpt lat="18.843128364533186" lon="98.95114914514124">
        <ele>358.98</ele>
      </trkpt>
      <trkpt lat="18.84320095181465" lon="98.95117739215493">
        <ele>358.8</ele>
      </trkpt>
      <trkpt lat="18.843409409746528" lon="98.95120153203607">
        <ele>358.63</ele>
      </trkpt>
      <trkpt lat="18.84356154128909" lon="98.9511410985142">
        <ele>358.43</ele>
      </trkpt>
      <trkpt lat="18.84362105280161" lon="98.95115450955927">
        <ele>358.21</ele>
      </trkpt>
      <trkpt lat="18.843696154654026" lon="98.95113724283874">
        <ele>357.97</ele>
      </trkpt>
      <trkpt lat="18.843750385567546" lon="98.95110480487347">
        <ele>357.71</ele>
      </trkpt>
      <trkpt lat="18.84392313659191" lon="98.95107328891754">
        <ele>357.43</ele>
      </trkpt>
      <trkpt lat="18.844085158780217" lon="98.95099533721805">
        <ele>357.14</ele>
      </trkpt>
      <trkpt lat="18.844316666945815" lon="98.95096281543374">
        <ele>356.79</ele>
      </trkpt>
      <trkpt lat="18.844354134052992" lon="98.95092082209885">
        <ele>356.49</ele>
      </trkpt>
      <trkpt lat="18.84448296390474" lon="98.95087882876396">
        <ele>355.34</ele>
      </trkpt>
      <trkpt lat="18.844593688845634" lon="98.95089106634259">
        <ele>355.83</ele>
      </trkpt>
      <trkpt lat="18.844705587252975" lon="98.95089098252356">
        <ele>354.75</ele>
      </trkpt>
      <trkpt lat="18.8447923399508" lon="98.95104747265577">
        <ele>354.46</ele>
      </trkpt>
      <trkpt lat="18.844879176467657" lon="98.95120421424508">
        <ele>354.62</ele>
      </trkpt>
      <trkpt lat="18.84489300660789" lon="98.95126540213823">
        <ele>354.35</ele>
      </trkpt>
      <trkpt lat="18.84488328360021" lon="98.95135299302638">
        <ele>354.08</ele>
      </trkpt>
      <trkpt lat="18.844830226153135" lon="98.95141007378697">
        <ele>353.8</ele>
      </trkpt>
      <trkpt lat="18.844814971089363" lon="98.95145181566477">
        <ele>353.54</ele>
      </trkpt>
      <trkpt lat="18.844746155664325" lon="98.95154460333288">
        <ele>353.31</ele>
      </trkpt>
      <trkpt lat="18.8445885758847" lon="98.95165599882603">
        <ele>353.09</ele>
      </trkpt>
      <trkpt lat="18.84451179765165" lon="98.95174216479063">
        <ele>352.87</ele>
      </trkpt>
      <trkpt lat="18.844420854002237" lon="98.95181198604405">
        <ele>352.68</ele>
      </trkpt>
      <trkpt lat="18.844340052455664" lon="98.95181642845273">
        <ele>352.5</ele>
      </trkpt>
      <trkpt lat="18.844255981966853" lon="98.95186395384371">
        <ele>352.37</ele>
      </trkpt>
      <trkpt lat="18.844214575365186" lon="98.95192715339363">
        <ele>352.27</ele>
      </trkpt>
      <trkpt lat="18.84412782266736" lon="98.9519854914397">
        <ele>352.17</ele>
      </trkpt>
      <trkpt lat="18.844034196808934" lon="98.95200384780765">
        <ele>352.06</ele>
      </trkpt>
      <trkpt lat="18.84386437945068" lon="98.95207576453686">
        <ele>351.97</ele>
      </trkpt>
      <trkpt lat="18.843671260401607" lon="98.95211976952851">
        <ele>351.92</ele>
      </trkpt>
      <trkpt lat="18.843510327860713" lon="98.95222722552717">
        <ele>351.93</ele>
      </trkpt>
      <trkpt lat="18.843430196866393" lon="98.95232344977558">
        <ele>351.95</ele>
      </trkpt>
      <trkpt lat="18.843446038663387" lon="98.95248731598258">
        <ele>352.1</ele>
      </trkpt>
      <trkpt lat="18.843422317877412" lon="98.95253609865904">
        <ele>352.22</ele>
      </trkpt>
      <trkpt lat="18.84341301396489" lon="98.95269158296287">
        <ele>352.42</ele>
      </trkpt>
      <trkpt lat="18.84338610805571" lon="98.95273441448808">
        <ele>352.59</ele>
      </trkpt>
      <trkpt lat="18.84330145083368" lon="98.95278478972614">
        <ele>352.77</ele>
      </trkpt>
      <trkpt lat="18.84321654215455" lon="98.95279107615352">
        <ele>352.95</ele>
      </trkpt>
      <trkpt lat="18.843161640688777" lon="98.95281119272113">
        <ele>353.19</ele>
      </trkpt>
      <trkpt lat="18.843086371198297" lon="98.95288067869842">
        <ele>353.5</ele>
      </trkpt>
      <trkpt lat="18.8429531827569" lon="98.95281873643398">
        <ele>353.79</ele>
      </trkpt>
      <trkpt lat="18.842925019562244" lon="98.9528145454824">
        <ele>354.11</ele>
      </trkpt>
      <trkpt lat="18.842910267412663" lon="98.95284212194383">
        <ele>354.48</ele>
      </trkpt>
      <trkpt lat="18.842966677621007" lon="98.95287992432714">
        <ele>354.86</ele>
      </trkpt>
      <trkpt lat="18.84298050776124" lon="98.95294044166803">
        <ele>355.26</ele>
      </trkpt>
      <trkpt lat="18.84297070093453" lon="98.9529575407505">
        <ele>355.66</ele>
      </trkpt>
      <trkpt lat="18.843028619885445" lon="98.95307279191911">
        <ele>356.08</ele>
      </trkpt>
      <trkpt lat="18.843108247965574" lon="98.95313741639256">
        <ele>356.5</ele>
      </trkpt>
      <trkpt lat="18.843179661780596" lon="98.95314135588706">
        <ele>356.92</ele>
      </trkpt>
      <trkpt lat="18.84320338256657" lon="98.95311562344432">
        <ele>357.33</ele>
      </trkpt>
      <trkpt lat="18.84325166232884" lon="98.9530991949141">
        <ele>357.76</ele>
      </trkpt>
      <trkpt lat="18.8434402551502" lon="98.95308997482061">
        <ele>358.23</ele>
      </trkpt>
      <trkpt lat="18.843532539904118" lon="98.95312928594649">
        <ele>358.67</ele>
      </trkpt>
      <trkpt lat="18.843619041144848" lon="98.95313397981226">
        <ele>359.09</ele>
      </trkpt>
      <trkpt lat="18.843750888481736" lon="98.95307840779424">
        <ele>359.48</ele>
      </trkpt>
      <trkpt lat="18.843817440792918" lon="98.95307597704232">
        <ele>359.8</ele>
      </trkpt>
      <trkpt lat="18.843886172398925" lon="98.95301017910242">
        <ele>360.1</ele>
      </trkpt>
      <trkpt lat="18.844063701108098" lon="98.95289643667638">
        <ele>360.39</ele>
      </trkpt>
      <trkpt lat="18.844198482111096" lon="98.95285653881729">
        <ele>360.61</ele>
      </trkpt>
      <trkpt lat="18.84426075965166" lon="98.9528140425682">
        <ele>360.77</ele>
      </trkpt>
      <trkpt lat="18.844347931444645" lon="98.95278277806938">
        <ele>360.87</ele>
      </trkpt>
      <trkpt lat="18.844381039962173" lon="98.9529023040086">
        <ele>361.01</ele>
      </trkpt>
      <trkpt lat="18.844325467944145" lon="98.95313733257353">
        <ele>361.07</ele>
      </trkpt>
      <trkpt lat="18.844344578683376" lon="98.95322425290942">
        <ele>361.06</ele>
      </trkpt>
      <trkpt lat="18.844341477379203" lon="98.95333975553513">
        <ele>361.0</ele>
      </trkpt>
      <trkpt lat="18.844324629753828" lon="98.95336682908237">
        <ele>360.93</ele>
      </trkpt>
      <trkpt lat="18.844324378296733" lon="98.95341427065432">
        <ele>360.81</ele>
      </trkpt>
      <trkpt lat="18.844272075220942" lon="98.95346514880657">
        <ele>360.61</ele>
      </trkpt>
      <trkpt lat="18.844152968376875" lon="98.95351535640657">
        <ele>360.45</ele>
      </trkpt>
      <trkpt lat="18.844101671129465" lon="98.95351837389171">
        <ele>360.21</ele>
      </trkpt>
      <trkpt lat="18.844037298113108" lon="98.9535709284246">
        <ele>359.9</ele>
      </trkpt>
      <trkpt lat="18.844009386375546" lon="98.95356413908303">
        <ele>359.61</ele>
      </trkpt>
      <trkpt lat="18.8440256472677" lon="98.95365650765598">
        <ele>359.21</ele>
      </trkpt>
      <trkpt lat="18.843994634225965" lon="98.95393470302224">
        <ele>358.73</ele>
      </trkpt>
      <trkpt lat="18.844018606469035" lon="98.95398784428835">
        <ele>358.32</ele>
      </trkpt>
      <trkpt lat="18.844060096889734" lon="98.95397761836648">
        <ele>357.9</ele>
      </trkpt>
      <trkpt lat="18.84416495449841" lon="98.95401558838785">
        <ele>357.44</ele>
      </trkpt>
      <trkpt lat="18.844217341393232" lon="98.95406378433108">
        <ele>356.93</ele>
      </trkpt>
      <trkpt lat="18.844315074384212" lon="98.95409504882991">
        <ele>356.37</ele>
      </trkpt>
      <trkpt lat="18.84434566833079" lon="98.95414542406797">
        <ele>355.76</ele>
      </trkpt>
      <trkpt lat="18.84447919204831" lon="98.9541854057461">
        <ele>355.11</ele>
      </trkpt>
      <trkpt lat="18.844569884240627" lon="98.95414852537215">
        <ele>354.39</ele>
      </trkpt>
      <trkpt lat="18.844730649143457" lon="98.95413779653609">
        <ele>353.59</ele>
      </trkpt>
      <trkpt lat="18.84489300660789" lon="98.95412706770003">
        <ele>352.81</ele>
      </trkpt>
      <trkpt lat="18.844988141208887" lon="98.95418490283191">
        <ele>352.01</ele>
      </trkpt>
      <trkpt lat="18.8451308850199" lon="98.95439872518182">
        <ele>351.17</ele>
      </trkpt>
      <trkpt lat="18.845134656876326" lon="98.9544190093875">
        <ele>350.36</ele>
      </trkpt>
      <trkpt lat="18.845085287466645" lon="98.95449553616345">
        <ele>349.52</ele>
      </trkpt>
      <trkpt lat="18.845058549195528" lon="98.95458991639316">
        <ele>348.65</ele>
      </trkpt>
      <trkpt lat="18.845083191990852" lon="98.95475001074374">
        <ele>347.73</ele>
      </trkpt>
      <trkpt lat="18.845059974119067" lon="98.95489267073572">
        <ele>346.8</ele>
      </trkpt>
      <trkpt lat="18.845090316608548" lon="98.9549624081701">
        <ele>345.87</ele>
      </trkpt>
      <trkpt lat="18.845088304951787" lon="98.95501496270299">
        <ele>344.95</ele>
      </trkpt>
      <trkpt lat="18.845123006030917" lon="98.95510992966592">
        <ele>344.01</ele>
      </trkpt>
      <trkpt lat="18.845134153962135" lon="98.95520213060081">
        <ele>343.08</ele>
      </trkpt>
      <trkpt lat="18.845095513388515" lon="98.95535082556307">
        <ele>342.15</ele>
      </trkpt>
      <trkpt lat="18.845191905274987" lon="98.95555165596306">
        <ele>341.2</ele>
      </trkpt>
      <trkpt lat="18.845198107883334" lon="98.95566648803651">
        <ele>340.3</ele>
      </trkpt>
      <trkpt lat="18.84522082284093" lon="98.95568744279444">
        <ele>339.44</ele>
      </trkpt>
      <trkpt lat="18.84542324580252" lon="98.95574083551764">
        <ele>338.54</ele>
      </trkpt>
      <trkpt lat="18.845452582463622" lon="98.95587611943483">
        <ele>337.68</ele>
      </trkpt>
      <trkpt lat="18.845425341278315" lon="98.95600151270628">
        <ele>336.86</ele>
      </trkpt>
      <trkpt lat="18.8454364053905" lon="98.95607007667422">
        <ele>336.06</ele>
      </trkpt>
      <trkpt lat="18.84546523913741" lon="98.9561128243804">
        <ele>335.26</ele>
      </trkpt>
      <trkpt lat="18.84551209397614" lon="98.95613361150026">
        <ele>334.44</ele>
      </trkpt>
      <trkpt lat="18.84554377757013" lon="98.95618239417672">
        <ele>333.66</ele>
      </trkpt>
      <trkpt lat="18.845620891079307" lon="98.95620334893465">
        <ele>332.86</ele>
      </trkpt>
      <trkpt lat="18.84565324522555" lon="98.95631533116102">
        <ele>332.11</ele>
      </trkpt>
      <trkpt lat="18.8457006867975" lon="98.95658078603446">
        <ele>331.62</ele>
      </trkpt>
      <trkpt lat="18.84569833986461" lon="98.95669226534665">
        <ele>330.82</ele>
      </trkpt>
      <trkpt lat="18.845746451988816" lon="98.95701128058136">
        <ele>329.7</ele>
      </trkpt>
      <trkpt lat="18.84579456411302" lon="98.95732970908284">
        <ele>328.91</ele>
      </trkpt>
      <trkpt lat="18.845818620175123" lon="98.95754378288984">
        <ele>327.97</ele>
      </trkpt>
      <trkpt lat="18.845812920480967" lon="98.95773799158633">
        <ele>327.52</ele>
      </trkpt>
      <trkpt lat="18.84582867845893" lon="98.95790026523173">
        <ele>327.43</ele>
      </trkpt>
      <trkpt lat="18.84586094878614" lon="98.95813780836761">
        <ele>326.87</ele>
      </trkpt>
      <trkpt lat="18.84589330293238" lon="98.95837493240833">
        <ele>325.98</ele>
      </trkpt>
      <trkpt lat="18.845905791968107" lon="98.95858607254922">
        <ele>325.91</ele>
      </trkpt>
      <trkpt lat="18.84593571536243" lon="98.95883836783469">
        <ele>325.58</ele>
      </trkpt>
      <trkpt lat="18.845965638756752" lon="98.95909066312015">
        <ele>325.35</ele>
      </trkpt>
      <trkpt lat="18.845995562151074" lon="98.95934220403433">
        <ele>324.85</ele>
      </trkpt>
      <trkpt lat="18.846023473888636" lon="98.9594557788223">
        <ele>325.03</ele>
      </trkpt>
      <trkpt lat="18.84605306200683" lon="98.95948553457856">
        <ele>324.89</ele>
      </trkpt>
      <trkpt lat="18.84621919132769" lon="98.95944555290043">
        <ele>324.75</ele>
      </trkpt>
      <trkpt lat="18.846386913210154" lon="98.95940523594618">
        <ele>324.32</ele>
      </trkpt>
      <trkpt lat="18.846570812165737" lon="98.95937765948474">
        <ele>324.71</ele>
      </trkpt>
      <trkpt lat="18.846849761903286" lon="98.9593505859375">
        <ele>324.4</ele>
      </trkpt>
      <trkpt lat="18.84705754928291" lon="98.95936005748808">
        <ele>324.95</ele>
      </trkpt>
      <trkpt lat="18.847284615039825" lon="98.95942635834217">
        <ele>325.16</ele>
      </trkpt>
      <trkpt lat="18.847513776272535" lon="98.95949332974851">
        <ele>325.36</ele>
      </trkpt>
      <trkpt lat="18.847760623320937" lon="98.959616208449">
        <ele>325.59</ele>
      </trkpt>
      <trkpt lat="18.84800755418837" lon="98.95973917096853">
        <ele>325.83</ele>
      </trkpt>
      <trkpt lat="18.848254485055804" lon="98.95986204966903">
        <ele>326.12</ele>
      </trkpt>
      <trkpt lat="18.848501415923238" lon="98.95998501218855">
        <ele>326.44</ele>
      </trkpt>
      <trkpt lat="18.84874834679067" lon="98.96010789088905">
        <ele>326.78</ele>
      </trkpt>
      <trkpt lat="18.849000809714198" lon="98.96023361943662">
        <ele>327.29</ele>
      </trkpt>
      <trkpt lat="18.849157635122538" lon="98.96028173156083">
        <ele>327.72</ele>
      </trkpt>
      <trkpt lat="18.849394591525197" lon="98.96038063801825">
        <ele>328.11</ele>
      </trkpt>
      <trkpt lat="18.849498024210334" lon="98.96043897606432">
        <ele>328.46</ele>
      </trkpt>
      <trkpt lat="18.849696088582277" lon="98.96051919087768">
        <ele>328.8</ele>
      </trkpt>
      <trkpt lat="18.84973146021366" lon="98.96052061580122">
        <ele>329.09</ele>
      </trkpt>
      <trkpt lat="18.84977789595723" lon="98.96048323251307">
        <ele>329.37</ele>
      </trkpt>
      <trkpt lat="18.849923657253385" lon="98.96021534688771">
        <ele>329.64</ele>
      </trkpt>
      <trkpt lat="18.849961794912815" lon="98.95999431610107">
        <ele>329.87</ele>
      </trkpt>
      <trkpt lat="18.850016361102462" lon="98.95985249429941">
        <ele>330.07</ele>
      </trkpt>
      <trkpt lat="18.850009320303798" lon="98.95977538079023">
        <ele>330.24</ele>
      </trkpt>
      <trkpt lat="18.850092636421323" lon="98.95948964171112">
        <ele>330.38</ele>
      </trkpt>
      <trkpt lat="18.850101605057716" lon="98.95941755734384">
        <ele>330.58</ele>
      </trkpt>
      <trkpt lat="18.850174276158214" lon="98.95930767059326">
        <ele>330.76</ele>
      </trkpt>
      <trkpt lat="18.85017117485404" lon="98.95922116935253">
        <ele>330.91</ele>
      </trkpt>
      <trkpt lat="18.850269159302115" lon="98.95892394706607">
        <ele>331.05</ele>
      </trkpt>
      <trkpt lat="18.85029572993517" lon="98.95889360457659">
        <ele>331.15</ele>
      </trkpt>
      <trkpt lat="18.850329676643014" lon="98.95877382718027">
        <ele>331.23</ele>
      </trkpt>
      <trkpt lat="18.850409975275397" lon="98.95864323712885">
        <ele>331.29</ele>
      </trkpt>
      <trkpt lat="18.850497482344508" lon="98.95844031125307">
        <ele>331.1</ele>
      </trkpt>
      <trkpt lat="18.85058498941362" lon="98.95823746919632">
        <ele>331.33</ele>
      </trkpt>
      <trkpt lat="18.850648943334818" lon="98.95814627408981">
        <ele>331.3</ele>
      </trkpt>
      <trkpt lat="18.850711220875382" lon="98.95800554193556">
        <ele>331.23</ele>
      </trkpt>
      <trkpt lat="18.850696049630642" lon="98.95794561132789">
        <ele>331.12</ele>
      </trkpt>
      <trkpt lat="18.85051416233182" lon="98.957842849195">
        <ele>330.92</ele>
      </trkpt>
      <trkpt lat="18.850394636392593" lon="98.95770865492523">
        <ele>330.82</ele>
      </trkpt>
      <trkpt lat="18.850382482632995" lon="98.95763900130987">
        <ele>330.83</ele>
      </trkpt>
      <trkpt lat="18.85043595917523" lon="98.95750530995429">
        <ele>330.87</ele>
      </trkpt>
      <trkpt lat="18.850565711036325" lon="98.95742601715028">
        <ele>330.92</ele>
      </trkpt>
      <trkpt lat="18.850838290527463" lon="98.95734177902341">
        <ele>331.0</ele>
      </trkpt>
      <trkpt lat="18.85111514478922" lon="98.95720808766782">
        <ele>331.08</ele>
      </trkpt>
      <trkpt lat="18.85131354443729" lon="98.95709350705147">
        <ele>331.24</ele>
      </trkpt>
      <trkpt lat="18.851392082870007" lon="98.95707506686449">
        <ele>331.36</ele>
      </trkpt>
      <trkpt lat="18.85157556273043" lon="98.95699292421341">
        <ele>331.5</ele>
      </trkpt>
      <trkpt lat="18.85178075172007" lon="98.95706484094262">
        <ele>331.63</ele>
      </trkpt>
      <trkpt lat="18.851824086159468" lon="98.95712083205581">
        <ele>331.8</ele>
      </trkpt>
      <trkpt lat="18.851910922676325" lon="98.95717858336866">
        <ele>332.01</ele>
      </trkpt>
      <trkpt lat="18.85195953771472" lon="98.95718788728118">
        <ele>332.26</ele>
      </trkpt>
      <trkpt lat="18.85216279886663" lon="98.95717238076031">
        <ele>332.56</ele>
      </trkpt>
      <trkpt lat="18.852316020056605" lon="98.95714572630823">
        <ele>332.9</ele>
      </trkpt>
      <trkpt lat="18.852405035868287" lon="98.95704078488052">
        <ele>333.32</ele>
      </trkpt>
      <trkpt lat="18.852592036128044" lon="98.95703357644379">
        <ele>333.87</ele>
      </trkpt>
      <trkpt lat="18.852733690291643" lon="98.9569725561887">
        <ele>334.4</ele>
      </trkpt>
      <trkpt lat="18.85277794674039" lon="98.95689862780273">
        <ele>334.84</ele>
      </trkpt>
      <trkpt lat="18.85292513296008" lon="98.95673476159573">
        <ele>335.32</ele>
      </trkpt>
      <trkpt lat="18.853064104914665" lon="98.9566723164171">
        <ele>335.87</ele>
      </trkpt>
      <trkpt lat="18.853171644732356" lon="98.95664893090725">
        <ele>336.53</ele>
      </trkpt>
      <trkpt lat="18.853358142077923" lon="98.956648260355">
        <ele>337.31</ele>
      </trkpt>
      <trkpt lat="18.853482278063893" lon="98.95668899640441">
        <ele>338.17</ele>
      </trkpt>
      <trkpt lat="18.85362275876105" lon="98.95678790286183">
        <ele>339.13</ele>
      </trkpt>
      <trkpt lat="18.8536926638335" lon="98.9568710513413">
        <ele>340.12</ele>
      </trkpt>
      <trkpt lat="18.8537410274148" lon="98.95696233026683">
        <ele>341.17</ele>
      </trkpt>
      <trkpt lat="18.853800874203444" lon="98.95717221312225">
        <ele>342.3</ele>
      </trkpt>
      <trkpt lat="18.853823840618134" lon="98.95735519006848">
        <ele>343.45</ele>
      </trkpt>
      <trkpt lat="18.853793498128653" lon="98.95756909623742">
        <ele>344.61</ele>
      </trkpt>
      <trkpt lat="18.853763323277235" lon="98.95778266713023">
        <ele>345.62</ele>
      </trkpt>
      <trkpt lat="18.85371319949627" lon="98.95795717835426">
        <ele>346.62</ele>
      </trkpt>
      <trkpt lat="18.853663159534335" lon="98.95813152194023">
        <ele>347.43</ele>
      </trkpt>
      <trkpt lat="18.853658717125654" lon="98.95824870094657">
        <ele>348.13</ele>
      </trkpt>
      <trkpt lat="18.85368302464485" lon="98.95831416361034">
        <ele>348.76</ele>
      </trkpt>
      <trkpt lat="18.853838173672557" lon="98.9583164267242">
        <ele>349.35</ele>
      </trkpt>
      <trkpt lat="18.85392375290394" lon="98.95837417803705">
        <ele>349.9</ele>
      </trkpt>
    </trkseg>
  </trk>
</gpx>
